Ukazatel,CasM,Hodnota
Z  Mléko kravské Q. tř. j. [l],2013-01,7.898
Z  Mléko kravské Q. tř. j. [l],2013-02,7.943
Z  Mléko kravské Q. tř. j. [l],2013-03,8.056
Z  Mléko kravské Q. tř. j. [l],2013-04,8.136
Z  Mléko kravské Q. tř. j. [l],2013-05,8.21
Z  Mléko kravské Q. tř. j. [l],2013-06,8.25
Z  Mléko kravské Q. tř. j. [l],2013-07,8.306
Z  Mléko kravské Q. tř. j. [l],2013-08,8.377
Z  Mléko kravské Q. tř. j. [l],2013-09,8.5
Z  Mléko kravské Q. tř. j. [l],2013-10,8.719
Z  Mléko kravské Q. tř. j. [l],2013-11,9.045
Z  Mléko kravské Q. tř. j. [l],2013-12,9.365
Z  Mléko kravské Q. tř. j. [l],2014-01,9.567
Z  Mléko kravské Q. tř. j. [l],2014-02,9.728
Z  Mléko kravské Q. tř. j. [l],2014-03,9.795
Z  Mléko kravské Q. tř. j. [l],2014-04,9.808
Z  Mléko kravské Q. tř. j. [l],2014-05,9.78
Z  Mléko kravské Q. tř. j. [l],2014-06,9.677
Z  Mléko kravské Q. tř. j. [l],2014-07,9.55
Z  Mléko kravské Q. tř. j. [l],2014-08,9.515
Z  Mléko kravské Q. tř. j. [l],2014-09,9.331
Z  Mléko kravské Q. tř. j. [l],2014-10,9.156
Z  Mléko kravské Q. tř. j. [l],2014-11,9.085
Z  Mléko kravské Q. tř. j. [l],2014-12,9.011
Z  Mléko kravské Q. tř. j. [l],2015-01,8.952
Z  Mléko kravské Q. tř. j. [l],2015-02,8.614
Z  Mléko kravské Q. tř. j. [l],2015-03,8.478
Z  Mléko kravské Q. tř. j. [l],2015-04,8.378
Z  Mléko kravské Q. tř. j. [l],2015-05,8.24
Z  Mléko kravské Q. tř. j. [l],2015-06,7.818
Z  Mléko kravské Q. tř. j. [l],2015-07,7.528
Z  Mléko kravské Q. tř. j. [l],2015-08,7.305
Z  Mléko kravské Q. tř. j. [l],2015-09,7.141
Z  Mléko kravské Q. tř. j. [l],2015-10,7.142
Z  Mléko kravské Q. tř. j. [l],2015-11,7.314
Z  Mléko kravské Q. tř. j. [l],2015-12,7.435
Z  Mléko kravské Q. tř. j. [l],2016-01,7.497
Z  Mléko kravské Q. tř. j. [l],2016-02,7.329
Z  Mléko kravské Q. tř. j. [l],2016-03,7.07
Z  Mléko kravské Q. tř. j. [l],2016-04,6.829
Z  Mléko kravské Q. tř. j. [l],2016-05,6.588
Z  Mléko kravské Q. tř. j. [l],2016-06,6.268
Z  Mléko kravské Q. tř. j. [l],2016-07,6.139
Z  Mléko kravské Q. tř. j. [l],2016-08,6.119
Z  Mléko kravské Q. tř. j. [l],2016-09,6.202
Z  Mléko kravské Q. tř. j. [l],2016-10,6.435
Z  Mléko kravské Q. tř. j. [l],2016-11,6.799
Z  Mléko kravské Q. tř. j. [l],2016-12,7.23
Z  Mléko kravské Q. tř. j. [l],2017-01,7.633
Z  Mléko kravské Q. tř. j. [l],2017-02,7.841
Z  Mléko kravské Q. tř. j. [l],2017-03,8.067
Z  Mléko kravské Q. tř. j. [l],2017-04,8.197
Z  Mléko kravské Q. tř. j. [l],2017-05,8.297
Z  Mléko kravské Q. tř. j. [l],2017-06,8.344
Z  Mléko kravské Q. tř. j. [l],2017-07,8.41
Z  Mléko kravské Q. tř. j. [l],2017-08,8.48
Z  Mléko kravské Q. tř. j. [l],2017-09,8.635
Z  Mléko kravské Q. tř. j. [l],2017-10,8.878
Z  Mléko kravské Q. tř. j. [l],2017-11,9.145
Z  Mléko kravské Q. tř. j. [l],2017-12,9.312
Z  Mléko kravské Q. tř. j. [l],2018-01,9.371
Z  Mléko kravské Q. tř. j. [l],2018-02,9.053
Z  Mléko kravské Q. tř. j. [l],2018-03,8.84
Z  Mléko kravské Q. tř. j. [l],2018-04,8.6
Z  Mléko kravské Q. tř. j. [l],2018-05,8.38
Z  Mléko kravské Q. tř. j. [l],2018-06,8.227
Z  Mléko kravské Q. tř. j. [l],2018-07,8.192
Z  Mléko kravské Q. tř. j. [l],2018-08,8.228
Z  Mléko kravské Q. tř. j. [l],2018-09,8.275
Z  Mléko kravské Q. tř. j. [l],2018-10,8.46
Z  Mléko kravské Q. tř. j. [l],2018-11,8.773
Z  Mléko kravské Q. tř. j. [l],2018-12,9.023
Z  Mléko kravské Q. tř. j. [l],2019-01,9.154
Z  Mléko kravské Q. tř. j. [l],2019-02,9.107
Z  Mléko kravské Q. tř. j. [l],2019-03,9.054
Z  Mléko kravské Q. tř. j. [l],2019-04,8.99
Z  Mléko kravské Q. tř. j. [l],2019-05,8.928
Z  Mléko kravské Q. tř. j. [l],2019-06,8.856
Z  Mléko kravské Q. tř. j. [l],2019-07,8.692
Z  Mléko kravské Q. tř. j. [l],2019-08,8.6
Z  Mléko kravské Q. tř. j. [l],2019-09,8.558
Z  Mléko kravské Q. tř. j. [l],2019-10,8.624
Z  Mléko kravské Q. tř. j. [l],2019-11,8.766
Z  Mléko kravské Q. tř. j. [l],2019-12,8.894
Z  Mléko kravské Q. tř. j. [l],2020-01,8.95
Z  Mléko kravské Q. tř. j. [l],2020-02,8.9
Z  Mléko kravské Q. tř. j. [l],2020-03,8.83
Z  Mléko kravské Q. tř. j. [l],2020-04,8.774
Z  Mléko kravské Q. tř. j. [l],2020-05,8.644
Z  Mléko kravské Q. tř. j. [l],2020-06,8.333
Z  Mléko kravské Q. tř. j. [l],2020-07,8.272
Z  Mléko kravské Q. tř. j. [l],2020-08,8.226
Z  Mléko kravské Q. tř. j. [l],2020-09,8.213
Z  Mléko kravské Q. tř. j. [l],2020-10,8.31
Z  Mléko kravské Q. tř. j. [l],2020-11,8.52
Z  Mléko kravské Q. tř. j. [l],2020-12,8.718
Z  Mléko kravské Q. tř. j. [l],2021-01,8.789
Z  Mléko kravské Q. tř. j. [l],2021-02,8.755
Z  Mléko kravské Q. tř. j. [l],2021-03,8.788
Z  Mléko kravské Q. tř. j. [l],2021-04,8.819
Z  Mléko kravské Q. tř. j. [l],2021-05,8.838
Z  Mléko kravské Q. tř. j. [l],2021-06,8.864
Z  Mléko kravské Q. tř. j. [l],2021-07,8.878
Z  Mléko kravské Q. tř. j. [l],2021-08,8.856
Z  Mléko kravské Q. tř. j. [l],2021-09,8.923
Z  Mléko kravské Q. tř. j. [l],2021-10,9.042
Z  Mléko kravské Q. tř. j. [l],2021-11,9.314
Z  Mléko kravské Q. tř. j. [l],2021-12,9.617
Z  Mléko kravské Q. tř. j. [l],2022-01,9.84
Z  Mléko kravské Q. tř. j. [l],2022-02,9.96
Z  Mléko kravské Q. tř. j. [l],2022-03,10.23
Z  Mléko kravské Q. tř. j. [l],2022-04,10.44
Z  Mléko kravské Q. tř. j. [l],2022-05,10.77
Z  Mléko kravské Q. tř. j. [l],2022-06,11.06
Z  Mléko kravské Q. tř. j. [l],2022-07,11.29
Z  Mléko kravské Q. tř. j. [l],2022-08,11.55
Z  Mléko kravské Q. tř. j. [l],2022-09,11.81
Z  Mléko kravské Q. tř. j. [l],2022-10,12.17
Z  Mléko kravské Q. tř. j. [l],2022-11,12.61
Z  Mléko kravské Q. tř. j. [l],2022-12,13.12
Z  Mléko kravské Q. tř. j. [l],2023-01,13.41
Z  Mléko kravské Q. tř. j. [l],2023-02,13.29
Z  Mléko kravské Q. tř. j. [l],2023-03,12.81
Z  Mléko kravské Q. tř. j. [l],2023-04,12.21
Z  Mléko kravské Q. tř. j. [l],2023-05,11.57
Z  Mléko kravské Q. tř. j. [l],2023-06,11.01
Z  Mléko kravské Q. tř. j. [l],2023-07,10.43
Z  Mléko kravské Q. tř. j. [l],2023-08,10.03
Z  Mléko kravské Q. tř. j. [l],2023-09,9.91
Z  Mléko kravské Q. tř. j. [l],2023-10,9.98
Z  Mléko kravské Q. tř. j. [l],2023-11,10.29
Z  Mléko kravské Q. tř. j. [l],2023-12,10.56
Z  Mléko kravské Q. tř. j. [l],2024-01,10.85
Z  Mléko kravské Q. tř. j. [l],2024-02,10.9
Z  Mléko kravské Q. tř. j. [l],2024-03,10.96
Z  Mléko kravské Q. tř. j. [l],2024-04,10.98
Z  Mléko kravské Q. tř. j. [l],2024-05,11.08
Z  Mléko kravské Q. tř. j. [l],2024-06,11.08
Z  Mléko kravské Q. tř. j. [l],2024-07,11.13
Z  Mléko kravské Q. tř. j. [l],2024-08,11.16
Z  Mléko kravské Q. tř. j. [l],2024-09,11.28
Z  Mléko kravské Q. tř. j. [l],2024-10,11.56
Z  Mléko kravské Q. tř. j. [l],2024-11,12.01
Z  Mléko kravské Q. tř. j. [l],2024-12,12.74
Z  Mléko kravské Q. tř. j. [l],2025-01,12.75
Z  Mléko kravské Q. tř. j. [l],2025-02,12.84
Z  Mléko kravské Q. tř. j. [l],2025-03,12.99
Z  Mléko kravské Q. tř. j. [l],2025-04,13.13
Z  Mléko kravské Q. tř. j. [l],2025-05,13.23
Z  Mléko kravské Q. tř. j. [l],2025-06,13.29
Z  Mléko kravské Q. tř. j. [l],2025-07,13.32
Z  Mléko kravské Q. tř. j. [l],2025-08,13.38
Z  Mléko kravské Q. tř. j. [l],2025-09,13.5
Z  Mléko kravské Q. tř. j. [l],2025-10,13.51
P  Mléko polotučné [l],2013-01,12.55
P  Mléko polotučné [l],2013-02,12.39
P  Mléko polotučné [l],2013-03,12.42
P  Mléko polotučné [l],2013-04,12.4
P  Mléko polotučné [l],2013-05,12.5
P  Mléko polotučné [l],2013-06,12.75
P  Mléko polotučné [l],2013-07,12.78
P  Mléko polotučné [l],2013-08,12.96
P  Mléko polotučné [l],2013-09,13.4
P  Mléko polotučné [l],2013-10,13.51
P  Mléko polotučné [l],2013-11,13.56
P  Mléko polotučné [l],2013-12,13.58
P  Mléko polotučné [l],2014-01,13.67
P  Mléko polotučné [l],2014-02,13.81
P  Mléko polotučné [l],2014-03,13.88
P  Mléko polotučné [l],2014-04,13.83
P  Mléko polotučné [l],2014-05,13.82
P  Mléko polotučné [l],2014-06,13.93
P  Mléko polotučné [l],2014-07,13.96
P  Mléko polotučné [l],2014-08,14.1
P  Mléko polotučné [l],2014-09,13.79
P  Mléko polotučné [l],2014-10,13.78
P  Mléko polotučné [l],2014-11,13.47
P  Mléko polotučné [l],2014-12,13.38
P  Mléko polotučné [l],2015-01,13.64
P  Mléko polotučné [l],2015-02,13.39
P  Mléko polotučné [l],2015-03,13.24
P  Mléko polotučné [l],2015-04,13.3
P  Mléko polotučné [l],2015-05,12.88
P  Mléko polotučné [l],2015-06,12.88
P  Mléko polotučné [l],2015-07,12.75
P  Mléko polotučné [l],2015-08,12.74
P  Mléko polotučné [l],2015-09,12.4
P  Mléko polotučné [l],2015-10,12.44
P  Mléko polotučné [l],2015-11,12.37
P  Mléko polotučné [l],2015-12,12.33
P  Mléko polotučné [l],2016-01,12.32
P  Mléko polotučné [l],2016-02,12.23
P  Mléko polotučné [l],2016-03,11.87
P  Mléko polotučné [l],2016-04,11.9
P  Mléko polotučné [l],2016-05,11.43
P  Mléko polotučné [l],2016-06,11.17
P  Mléko polotučné [l],2016-07,10.74
P  Mléko polotučné [l],2016-08,10.75
P  Mléko polotučné [l],2016-09,10.76
P  Mléko polotučné [l],2016-10,10.74
P  Mléko polotučné [l],2016-11,10.83
P  Mléko polotučné [l],2016-12,10.86
P  Mléko polotučné [l],2017-01,11.08
P  Mléko polotučné [l],2017-02,11.16
P  Mléko polotučné [l],2017-03,11.49
P  Mléko polotučné [l],2017-04,11.39
P  Mléko polotučné [l],2017-05,11.39
P  Mléko polotučné [l],2017-06,11.31
P  Mléko polotučné [l],2017-07,11.39
P  Mléko polotučné [l],2017-08,11.41
P  Mléko polotučné [l],2017-09,11.62
P  Mléko polotučné [l],2017-10,11.81
P  Mléko polotučné [l],2017-11,11.87
P  Mléko polotučné [l],2017-12,11.89
P  Mléko polotučné [l],2018-01,11.92
P  Mléko polotučné [l],2018-02,11.83
P  Mléko polotučné [l],2018-03,11.83
P  Mléko polotučné [l],2018-04,11.74
P  Mléko polotučné [l],2018-05,11.81
P  Mléko polotučné [l],2018-06,11.75
P  Mléko polotučné [l],2018-07,11.84
P  Mléko polotučné [l],2018-08,11.88
P  Mléko polotučné [l],2018-09,11.83
P  Mléko polotučné [l],2018-10,11.81
P  Mléko polotučné [l],2018-11,11.79
P  Mléko polotučné [l],2018-12,11.78
P  Mléko polotučné [l],2019-01,11.91
P  Mléko polotučné [l],2019-02,12.07
P  Mléko polotučné [l],2019-03,12.15
P  Mléko polotučné [l],2019-04,12.14
P  Mléko polotučné [l],2019-05,12.19
P  Mléko polotučné [l],2019-06,12.19
P  Mléko polotučné [l],2019-07,12.27
P  Mléko polotučné [l],2019-08,12.2
P  Mléko polotučné [l],2019-09,12.17
P  Mléko polotučné [l],2019-10,12.36
P  Mléko polotučné [l],2019-11,12.4
P  Mléko polotučné [l],2019-12,12.38
P  Mléko polotučné [l],2020-01,12.18
P  Mléko polotučné [l],2020-02,11.98
P  Mléko polotučné [l],2020-03,12.06
P  Mléko polotučné [l],2020-04,12.01
P  Mléko polotučné [l],2020-05,12.02
P  Mléko polotučné [l],2020-06,11.98
P  Mléko polotučné [l],2020-07,11.96
P  Mléko polotučné [l],2020-08,11.96
P  Mléko polotučné [l],2020-09,11.98
P  Mléko polotučné [l],2020-10,11.99
P  Mléko polotučné [l],2020-11,11.96
P  Mléko polotučné [l],2020-12,11.89
P  Mléko polotučné [l],2021-01,12.04
P  Mléko polotučné [l],2021-02,12.06
P  Mléko polotučné [l],2021-03,12.01
P  Mléko polotučné [l],2021-04,12.01
P  Mléko polotučné [l],2021-05,11.99
P  Mléko polotučné [l],2021-06,12.05
P  Mléko polotučné [l],2021-07,11.86
P  Mléko polotučné [l],2021-08,12.07
P  Mléko polotučné [l],2021-09,12.23
P  Mléko polotučné [l],2021-10,12.29
P  Mléko polotučné [l],2021-11,12.26
P  Mléko polotučné [l],2021-12,12.46
P  Mléko polotučné [l],2022-01,12.98
P  Mléko polotučné [l],2022-02,12.97
P  Mléko polotučné [l],2022-03,13.18
P  Mléko polotučné [l],2022-04,13.46
P  Mléko polotučné [l],2022-05,13.8
P  Mléko polotučné [l],2022-06,14.08
P  Mléko polotučné [l],2022-07,14.47
P  Mléko polotučné [l],2022-08,14.57
P  Mléko polotučné [l],2022-09,14.74
P  Mléko polotučné [l],2022-10,15.47
P  Mléko polotučné [l],2022-11,16.08
P  Mléko polotučné [l],2022-12,16.02
P  Mléko polotučné [l],2023-01,16.47
P  Mléko polotučné [l],2023-02,16.75
P  Mléko polotučné [l],2023-03,16.64
P  Mléko polotučné [l],2023-04,16.57
P  Mléko polotučné [l],2023-05,16.51
P  Mléko polotučné [l],2023-06,16.27
P  Mléko polotučné [l],2023-07,15.85
P  Mléko polotučné [l],2023-08,15.56
P  Mléko polotučné [l],2023-09,15.39
P  Mléko polotučné [l],2023-10,15.21
P  Mléko polotučné [l],2023-11,15.15
P  Mléko polotučné [l],2023-12,15.11
P  Mléko polotučné [l],2024-01,15.25
P  Mléko polotučné [l],2024-02,15.1
P  Mléko polotučné [l],2024-03,15.04
P  Mléko polotučné [l],2024-04,15.14
P  Mléko polotučné [l],2024-05,15.08
P  Mléko polotučné [l],2024-06,14.72
P  Mléko polotučné [l],2024-07,14.96
P  Mléko polotučné [l],2024-08,14.83
P  Mléko polotučné [l],2024-09,15.12
P  Mléko polotučné [l],2024-10,15.24
P  Mléko polotučné [l],2024-11,15.37
P  Mléko polotučné [l],2024-12,15.23
P  Mléko polotučné [l],2025-01,15.88
P  Mléko polotučné [l],2025-02,16.24
P  Mléko polotučné [l],2025-03,16.08
P  Mléko polotučné [l],2025-04,16.2
P  Mléko polotučné [l],2025-05,16.27
P  Mléko polotučné [l],2025-06,16.33
P  Mléko polotučné [l],2025-07,16.23
P  Mléko polotučné [l],2025-08,16.13
P  Mléko polotučné [l],2025-09,16.53
P  Mléko polotučné [l],2025-10,16.63
S  Mléko polotučné pasterované [l],2013-01,19.3
S  Mléko polotučné pasterované [l],2013-02,19.18
S  Mléko polotučné pasterované [l],2013-03,19.28
S  Mléko polotučné pasterované [l],2013-04,18.99
S  Mléko polotučné pasterované [l],2013-05,18.68
S  Mléko polotučné pasterované [l],2013-06,19.08
S  Mléko polotučné pasterované [l],2013-07,19.21
S  Mléko polotučné pasterované [l],2013-08,19.03
S  Mléko polotučné pasterované [l],2013-09,19.14
S  Mléko polotučné pasterované [l],2013-10,19.49
S  Mléko polotučné pasterované [l],2013-11,19.49
S  Mléko polotučné pasterované [l],2013-12,20.49
S  Mléko polotučné pasterované [l],2014-01,19.86
S  Mléko polotučné pasterované [l],2014-02,19.96
S  Mléko polotučné pasterované [l],2014-03,21.07
S  Mléko polotučné pasterované [l],2014-04,21.18
S  Mléko polotučné pasterované [l],2014-05,21.07
S  Mléko polotučné pasterované [l],2014-06,21.05
S  Mléko polotučné pasterované [l],2014-07,21.14
S  Mléko polotučné pasterované [l],2014-08,20.83
S  Mléko polotučné pasterované [l],2014-09,20.21
S  Mléko polotučné pasterované [l],2014-10,21.07
S  Mléko polotučné pasterované [l],2014-11,20.9
S  Mléko polotučné pasterované [l],2014-12,20.59
S  Mléko polotučné pasterované [l],2015-01,20.33
S  Mléko polotučné pasterované [l],2015-02,21.04
S  Mléko polotučné pasterované [l],2015-03,20.8
S  Mléko polotučné pasterované [l],2015-04,20.52
S  Mléko polotučné pasterované [l],2015-05,20.27
S  Mléko polotučné pasterované [l],2015-06,19.86
S  Mléko polotučné pasterované [l],2015-07,18.62
S  Mléko polotučné pasterované [l],2015-08,18.98
S  Mléko polotučné pasterované [l],2015-09,19.07
S  Mléko polotučné pasterované [l],2015-10,19.51
S  Mléko polotučné pasterované [l],2015-11,18.55
S  Mléko polotučné pasterované [l],2015-12,17.8
S  Mléko polotučné pasterované [l],2016-01,19.21
S  Mléko polotučné pasterované [l],2016-02,18.74
S  Mléko polotučné pasterované [l],2016-03,17.53
S  Mléko polotučné pasterované [l],2016-04,18.59
S  Mléko polotučné pasterované [l],2016-05,17.81
S  Mléko polotučné pasterované [l],2016-06,17.44
S  Mléko polotučné pasterované [l],2016-07,16.86
S  Mléko polotučné pasterované [l],2016-08,17.63
S  Mléko polotučné pasterované [l],2016-09,17.27
S  Mléko polotučné pasterované [l],2016-10,17.89
S  Mléko polotučné pasterované [l],2016-11,18.32
S  Mléko polotučné pasterované [l],2016-12,18.61
S  Mléko polotučné pasterované [l],2017-01,18.73
S  Mléko polotučné pasterované [l],2017-02,19.35
S  Mléko polotučné pasterované [l],2017-03,19.04
S  Mléko polotučné pasterované [l],2017-04,19.8
S  Mléko polotučné pasterované [l],2017-05,18.71
S  Mléko polotučné pasterované [l],2017-06,19.58
S  Mléko polotučné pasterované [l],2017-07,19.45
S  Mléko polotučné pasterované [l],2017-08,20.01
S  Mléko polotučné pasterované [l],2017-09,19.72
S  Mléko polotučné pasterované [l],2017-10,19.92
S  Mléko polotučné pasterované [l],2017-11,20.47
S  Mléko polotučné pasterované [l],2017-12,20.32
S  Mléko polotučné pasterované [l],2018-01,20.3
S  Mléko polotučné pasterované [l],2018-02,20.55
S  Mléko polotučné pasterované [l],2018-03,19.44
S  Mléko polotučné pasterované [l],2018-04,19.68
S  Mléko polotučné pasterované [l],2018-05,19.66
S  Mléko polotučné pasterované [l],2018-06,19.17
S  Mléko polotučné pasterované [l],2018-07,20.19
S  Mléko polotučné pasterované [l],2018-08,20.08
S  Mléko polotučné pasterované [l],2018-09,20.25
S  Mléko polotučné pasterované [l],2018-10,19.57
S  Mléko polotučné pasterované [l],2018-11,19.45
S  Mléko polotučné pasterované [l],2018-12,19.67
S  Mléko polotučné pasterované [l],2019-01,19.27
S  Mléko polotučné pasterované [l],2019-02,20.12
S  Mléko polotučné pasterované [l],2019-03,20.22
S  Mléko polotučné pasterované [l],2019-04,20.06
S  Mléko polotučné pasterované [l],2019-05,20.75
S  Mléko polotučné pasterované [l],2019-06,19.95
S  Mléko polotučné pasterované [l],2019-07,20.24
S  Mléko polotučné pasterované [l],2019-08,20.38
S  Mléko polotučné pasterované [l],2019-09,20.06
S  Mléko polotučné pasterované [l],2019-10,20.34
S  Mléko polotučné pasterované [l],2019-11,20.55
S  Mléko polotučné pasterované [l],2019-12,20.79
S  Mléko polotučné pasterované [l],2020-01,19.39
S  Mléko polotučné pasterované [l],2020-02,19.69
S  Mléko polotučné pasterované [l],2020-03,20.07
S  Mléko polotučné pasterované [l],2020-04,19.9
S  Mléko polotučné pasterované [l],2020-05,20.03
S  Mléko polotučné pasterované [l],2020-06,19.32
S  Mléko polotučné pasterované [l],2020-07,19.26
S  Mléko polotučné pasterované [l],2020-08,19.41
S  Mléko polotučné pasterované [l],2020-09,18.22
S  Mléko polotučné pasterované [l],2020-10,18.28
S  Mléko polotučné pasterované [l],2020-11,18.36
S  Mléko polotučné pasterované [l],2020-12,17.86
S  Mléko polotučné pasterované [l],2021-01,17.91
S  Mléko polotučné pasterované [l],2021-02,17.26
S  Mléko polotučné pasterované [l],2021-03,17.69
S  Mléko polotučné pasterované [l],2021-04,17.18
S  Mléko polotučné pasterované [l],2021-05,17.21
S  Mléko polotučné pasterované [l],2021-06,17.7
S  Mléko polotučné pasterované [l],2021-07,17.58
S  Mléko polotučné pasterované [l],2021-08,18.73
S  Mléko polotučné pasterované [l],2021-09,18.49
S  Mléko polotučné pasterované [l],2021-10,18.63
S  Mléko polotučné pasterované [l],2021-11,18.92
S  Mléko polotučné pasterované [l],2021-12,18.84
S  Mléko polotučné pasterované [l],2022-01,19.03
S  Mléko polotučné pasterované [l],2022-02,19.49
S  Mléko polotučné pasterované [l],2022-03,18.39
S  Mléko polotučné pasterované [l],2022-04,19.49
S  Mléko polotučné pasterované [l],2022-05,19.97
S  Mléko polotučné pasterované [l],2022-06,21.06
S  Mléko polotučné pasterované [l],2022-07,22.16
S  Mléko polotučné pasterované [l],2022-08,22.09
S  Mléko polotučné pasterované [l],2022-09,22.13
S  Mléko polotučné pasterované [l],2022-10,23.16
S  Mléko polotučné pasterované [l],2022-11,23.24
S  Mléko polotučné pasterované [l],2022-12,23.5
S  Mléko polotučné pasterované [l],2023-01,24.01
S  Mléko polotučné pasterované [l],2023-02,24.01
S  Mléko polotučné pasterované [l],2023-03,24.48
S  Mléko polotučné pasterované [l],2023-04,24.63
S  Mléko polotučné pasterované [l],2023-05,24.51
S  Mléko polotučné pasterované [l],2023-06,24.52
S  Mléko polotučné pasterované [l],2023-07,24.15
S  Mléko polotučné pasterované [l],2023-08,22.75
S  Mléko polotučné pasterované [l],2023-09,22.62
S  Mléko polotučné pasterované [l],2023-10,22.57
S  Mléko polotučné pasterované [l],2023-11,22.63
S  Mléko polotučné pasterované [l],2023-12,22.84
S  Mléko polotučné pasterované [l],2024-01,21.41
S  Mléko polotučné pasterované [l],2024-02,21.45
S  Mléko polotučné pasterované [l],2024-03,21.67
S  Mléko polotučné pasterované [l],2024-04,21.42
S  Mléko polotučné pasterované [l],2024-05,21.64
S  Mléko polotučné pasterované [l],2024-06,21.53
S  Mléko polotučné pasterované [l],2024-07,22.48
S  Mléko polotučné pasterované [l],2024-08,22.7
S  Mléko polotučné pasterované [l],2024-09,23.07
S  Mléko polotučné pasterované [l],2024-10,22.94
S  Mléko polotučné pasterované [l],2024-11,23.88
S  Mléko polotučné pasterované [l],2024-12,23.75
S  Mléko polotučné pasterované [l],2025-01,24.16
S  Mléko polotučné pasterované [l],2025-02,24.03
S  Mléko polotučné pasterované [l],2025-03,24.04
S  Mléko polotučné pasterované [l],2025-04,24.68
S  Mléko polotučné pasterované [l],2025-05,24.66
S  Mléko polotučné pasterované [l],2025-06,25.07
S  Mléko polotučné pasterované [l],2025-07,25.12
S  Mléko polotučné pasterované [l],2025-08,24.21
S  Mléko polotučné pasterované [l],2025-09,24.07
S  Mléko polotučné pasterované [l],2025-10,24.61
P  Máslo [kg],2013-01,97.21
P  Máslo [kg],2013-02,95.1
P  Máslo [kg],2013-03,96.61
P  Máslo [kg],2013-04,94.91
P  Máslo [kg],2013-05,96.3
P  Máslo [kg],2013-06,102.84
P  Máslo [kg],2013-07,107.26
P  Máslo [kg],2013-08,107.35
P  Máslo [kg],2013-09,111.04
P  Máslo [kg],2013-10,115.54
P  Máslo [kg],2013-11,115.69
P  Máslo [kg],2013-12,115.11
P  Máslo [kg],2014-01,118.15
P  Máslo [kg],2014-02,116.43
P  Máslo [kg],2014-03,114.92
P  Máslo [kg],2014-04,110.91
P  Máslo [kg],2014-05,111.6
P  Máslo [kg],2014-06,106.31
P  Máslo [kg],2014-07,109
P  Máslo [kg],2014-08,107.41
P  Máslo [kg],2014-09,104.05
P  Máslo [kg],2014-10,100.33
P  Máslo [kg],2014-11,101.92
P  Máslo [kg],2014-12,102.18
P  Máslo [kg],2015-01,99.76
P  Máslo [kg],2015-02,98.44
P  Máslo [kg],2015-03,100.22
P  Máslo [kg],2015-04,103.82
P  Máslo [kg],2015-05,94.13
P  Máslo [kg],2015-06,95.7
P  Máslo [kg],2015-07,93.48
P  Máslo [kg],2015-08,95.07
P  Máslo [kg],2015-09,95.44
P  Máslo [kg],2015-10,94.23
P  Máslo [kg],2015-11,97.59
P  Máslo [kg],2015-12,98.41
P  Máslo [kg],2016-01,98.26
P  Máslo [kg],2016-02,95.77
P  Máslo [kg],2016-03,93.77
P  Máslo [kg],2016-04,92.19
P  Máslo [kg],2016-05,81.68
P  Máslo [kg],2016-06,80.98
P  Máslo [kg],2016-07,82.79
P  Máslo [kg],2016-08,88.96
P  Máslo [kg],2016-09,95.07
P  Máslo [kg],2016-10,102.06
P  Máslo [kg],2016-11,110.97
P  Máslo [kg],2016-12,114.81
P  Máslo [kg],2017-01,117.47
P  Máslo [kg],2017-02,115.42
P  Máslo [kg],2017-03,116.85
P  Máslo [kg],2017-04,117.86
P  Máslo [kg],2017-05,118.45
P  Máslo [kg],2017-06,122.74
P  Máslo [kg],2017-07,131.15
P  Máslo [kg],2017-08,145.17
P  Máslo [kg],2017-09,152.45
P  Máslo [kg],2017-10,174.95
P  Máslo [kg],2017-11,167.77
P  Máslo [kg],2017-12,155.64
P  Máslo [kg],2018-01,139.94
P  Máslo [kg],2018-02,130.48
P  Máslo [kg],2018-03,128.28
P  Máslo [kg],2018-04,131
P  Máslo [kg],2018-05,136.79
P  Máslo [kg],2018-06,152.52
P  Máslo [kg],2018-07,159.67
P  Máslo [kg],2018-08,158.85
P  Máslo [kg],2018-09,159.5
P  Máslo [kg],2018-10,162.5
P  Máslo [kg],2018-11,158.47
P  Máslo [kg],2018-12,152.23
P  Máslo [kg],2019-01,140.07
P  Máslo [kg],2019-02,134.62
P  Máslo [kg],2019-03,127.14
P  Máslo [kg],2019-04,123.91
P  Máslo [kg],2019-05,124.35
P  Máslo [kg],2019-06,121.73
P  Máslo [kg],2019-07,119.59
P  Máslo [kg],2019-08,119.8
P  Máslo [kg],2019-09,121.85
P  Máslo [kg],2019-10,125.93
P  Máslo [kg],2019-11,131.29
P  Máslo [kg],2019-12,130.85
P  Máslo [kg],2020-01,127.14
P  Máslo [kg],2020-02,121.92
P  Máslo [kg],2020-03,121.99
P  Máslo [kg],2020-04,120.02
P  Máslo [kg],2020-05,109.32
P  Máslo [kg],2020-06,106.25
P  Máslo [kg],2020-07,111.43
P  Máslo [kg],2020-08,115.8
P  Máslo [kg],2020-09,122.1
P  Máslo [kg],2020-10,126.58
P  Máslo [kg],2020-11,129.17
P  Máslo [kg],2020-12,129.02
P  Máslo [kg],2021-01,125
P  Máslo [kg],2021-02,122.5
P  Máslo [kg],2021-03,122.21
P  Máslo [kg],2021-04,122.71
P  Máslo [kg],2021-05,124.97
P  Máslo [kg],2021-06,124.88
P  Máslo [kg],2021-07,125.9
P  Máslo [kg],2021-08,127.44
P  Máslo [kg],2021-09,131.03
P  Máslo [kg],2021-10,136.88
P  Máslo [kg],2021-11,149.28
P  Máslo [kg],2021-12,154.4
P  Máslo [kg],2022-01,156.86
P  Máslo [kg],2022-02,155.91
P  Máslo [kg],2022-03,156.28
P  Máslo [kg],2022-04,160.75
P  Máslo [kg],2022-05,172.69
P  Máslo [kg],2022-06,178.47
P  Máslo [kg],2022-07,184.01
P  Máslo [kg],2022-08,187.61
P  Máslo [kg],2022-09,190.42
P  Máslo [kg],2022-10,195.73
P  Máslo [kg],2022-11,198.48
P  Máslo [kg],2022-12,198.72
P  Máslo [kg],2023-01,186
P  Máslo [kg],2023-02,167.51
P  Máslo [kg],2023-03,152.08
P  Máslo [kg],2023-04,141.77
P  Máslo [kg],2023-05,134.36
P  Máslo [kg],2023-06,134.7
P  Máslo [kg],2023-07,135.56
P  Máslo [kg],2023-08,135.76
P  Máslo [kg],2023-09,136.39
P  Máslo [kg],2023-10,144.04
P  Máslo [kg],2023-11,155.35
P  Máslo [kg],2023-12,162.52
P  Máslo [kg],2024-01,163.73
P  Máslo [kg],2024-02,161.86
P  Máslo [kg],2024-03,162.35
P  Máslo [kg],2024-04,163.53
P  Máslo [kg],2024-05,162.18
P  Máslo [kg],2024-06,163.13
P  Máslo [kg],2024-07,166.23
P  Máslo [kg],2024-08,176.55
P  Máslo [kg],2024-09,192.35
P  Máslo [kg],2024-10,206.54
P  Máslo [kg],2024-11,224.56
P  Máslo [kg],2024-12,239.1
P  Máslo [kg],2025-01,232.07
P  Máslo [kg],2025-02,222.37
P  Máslo [kg],2025-03,212.22
P  Máslo [kg],2025-04,208.6
P  Máslo [kg],2025-05,205.13
P  Máslo [kg],2025-06,202.01
P  Máslo [kg],2025-07,202.11
P  Máslo [kg],2025-08,203.56
P  Máslo [kg],2025-09,204.88
P  Máslo [kg],2025-10,198.83
S  Máslo [kg],2013-01,146.2
S  Máslo [kg],2013-02,144.24
S  Máslo [kg],2013-03,143.73
S  Máslo [kg],2013-04,143.7
S  Máslo [kg],2013-05,151.89
S  Máslo [kg],2013-06,154
S  Máslo [kg],2013-07,155.55
S  Máslo [kg],2013-08,155.28
S  Máslo [kg],2013-09,160.72
S  Máslo [kg],2013-10,163.8
S  Máslo [kg],2013-11,163.62
S  Máslo [kg],2013-12,164.34
S  Máslo [kg],2014-01,164.74
S  Máslo [kg],2014-02,168.8
S  Máslo [kg],2014-03,163.53
S  Máslo [kg],2014-04,160.33
S  Máslo [kg],2014-05,161
S  Máslo [kg],2014-06,161.2
S  Máslo [kg],2014-07,159.96
S  Máslo [kg],2014-08,158.82
S  Máslo [kg],2014-09,160.51
S  Máslo [kg],2014-10,161.28
S  Máslo [kg],2014-11,162.14
S  Máslo [kg],2014-12,159.06
S  Máslo [kg],2015-01,159.82
S  Máslo [kg],2015-02,159.31
S  Máslo [kg],2015-03,162.8
S  Máslo [kg],2015-04,160.53
S  Máslo [kg],2015-05,161.01
S  Máslo [kg],2015-06,154.76
S  Máslo [kg],2015-07,157.4
S  Máslo [kg],2015-08,151.07
S  Máslo [kg],2015-09,154.64
S  Máslo [kg],2015-10,148.2
S  Máslo [kg],2015-11,150.01
S  Máslo [kg],2015-12,142.9
S  Máslo [kg],2016-01,145.31
S  Máslo [kg],2016-02,139.88
S  Máslo [kg],2016-03,135.04
S  Máslo [kg],2016-04,138.87
S  Máslo [kg],2016-05,138.63
S  Máslo [kg],2016-06,131.88
S  Máslo [kg],2016-07,140.25
S  Máslo [kg],2016-08,144.1
S  Máslo [kg],2016-09,148.46
S  Máslo [kg],2016-10,161.13
S  Máslo [kg],2016-11,171.2
S  Máslo [kg],2016-12,171.21
S  Máslo [kg],2017-01,172.66
S  Máslo [kg],2017-02,171.72
S  Máslo [kg],2017-03,175.46
S  Máslo [kg],2017-04,168.6
S  Máslo [kg],2017-05,167.52
S  Máslo [kg],2017-06,187.47
S  Máslo [kg],2017-07,200.71
S  Máslo [kg],2017-08,209.24
S  Máslo [kg],2017-09,229.45
S  Máslo [kg],2017-10,241.78
S  Máslo [kg],2017-11,226.05
S  Máslo [kg],2017-12,217.21
S  Máslo [kg],2018-01,202.71
S  Máslo [kg],2018-02,192.66
S  Máslo [kg],2018-03,190.56
S  Máslo [kg],2018-04,183.85
S  Máslo [kg],2018-05,196.88
S  Máslo [kg],2018-06,206.09
S  Máslo [kg],2018-07,214.34
S  Máslo [kg],2018-08,216.82
S  Máslo [kg],2018-09,218.75
S  Máslo [kg],2018-10,223.34
S  Máslo [kg],2018-11,216.19
S  Máslo [kg],2018-12,204.75
S  Máslo [kg],2019-01,196.73
S  Máslo [kg],2019-02,187.56
S  Máslo [kg],2019-03,194.06
S  Máslo [kg],2019-04,180.71
S  Máslo [kg],2019-05,179.45
S  Máslo [kg],2019-06,183.87
S  Máslo [kg],2019-07,179.55
S  Máslo [kg],2019-08,182.13
S  Máslo [kg],2019-09,173.68
S  Máslo [kg],2019-10,184.61
S  Máslo [kg],2019-11,178.64
S  Máslo [kg],2019-12,174.96
S  Máslo [kg],2020-01,170.14
S  Máslo [kg],2020-02,165.67
S  Máslo [kg],2020-03,167.56
S  Máslo [kg],2020-04,159.72
S  Máslo [kg],2020-05,151.52
S  Máslo [kg],2020-06,150.9
S  Máslo [kg],2020-07,150.72
S  Máslo [kg],2020-08,151.49
S  Máslo [kg],2020-09,152.97
S  Máslo [kg],2020-10,154.71
S  Máslo [kg],2020-11,154.46
S  Máslo [kg],2020-12,151.91
S  Máslo [kg],2021-01,130.76
S  Máslo [kg],2021-02,128.5
S  Máslo [kg],2021-03,131.17
S  Máslo [kg],2021-04,129.82
S  Máslo [kg],2021-05,126.3
S  Máslo [kg],2021-06,127.45
S  Máslo [kg],2021-07,129.45
S  Máslo [kg],2021-08,139.69
S  Máslo [kg],2021-09,142.27
S  Máslo [kg],2021-10,150.21
S  Máslo [kg],2021-11,169.23
S  Máslo [kg],2021-12,168.87
S  Máslo [kg],2022-01,172.92
S  Máslo [kg],2022-02,169.35
S  Máslo [kg],2022-03,178.66
S  Máslo [kg],2022-04,178.73
S  Máslo [kg],2022-05,199.56
S  Máslo [kg],2022-06,205.64
S  Máslo [kg],2022-07,215.88
S  Máslo [kg],2022-08,223.94
S  Máslo [kg],2022-09,222.02
S  Máslo [kg],2022-10,226.13
S  Máslo [kg],2022-11,222.25
S  Máslo [kg],2022-12,213.58
S  Máslo [kg],2023-01,205.11
S  Máslo [kg],2023-02,181.36
S  Máslo [kg],2023-03,168.96
S  Máslo [kg],2023-04,166.19
S  Máslo [kg],2023-05,159.1
S  Máslo [kg],2023-06,157
S  Máslo [kg],2023-07,157.09
S  Máslo [kg],2023-08,155.5
S  Máslo [kg],2023-09,154.31
S  Máslo [kg],2023-10,164.18
S  Máslo [kg],2023-11,165.08
S  Máslo [kg],2023-12,170.88
S  Máslo [kg],2024-01,175.34
S  Máslo [kg],2024-02,164.54
S  Máslo [kg],2024-03,165.87
S  Máslo [kg],2024-04,162.29
S  Máslo [kg],2024-05,170.5
S  Máslo [kg],2024-06,178.62
S  Máslo [kg],2024-07,185.51
S  Máslo [kg],2024-08,195.77
S  Máslo [kg],2024-09,225.93
S  Máslo [kg],2024-10,235.38
S  Máslo [kg],2024-11,242.25
S  Máslo [kg],2024-12,250.03
S  Máslo [kg],2025-01,244.32
S  Máslo [kg],2025-02,229.68
S  Máslo [kg],2025-03,213.08
S  Máslo [kg],2025-04,209.63
S  Máslo [kg],2025-05,203.02
S  Máslo [kg],2025-06,219.66
S  Máslo [kg],2025-07,211.82
S  Máslo [kg],2025-08,215.63
S  Máslo [kg],2025-09,235.11
S  Máslo [kg],2025-10,216.15
P  Eidamská cihla [kg],2013-01,95.77
P  Eidamská cihla [kg],2013-02,95.42
P  Eidamská cihla [kg],2013-03,96.49
P  Eidamská cihla [kg],2013-04,94.95
P  Eidamská cihla [kg],2013-05,96.31
P  Eidamská cihla [kg],2013-06,96.67
P  Eidamská cihla [kg],2013-07,96.57
P  Eidamská cihla [kg],2013-08,98.75
P  Eidamská cihla [kg],2013-09,103.48
P  Eidamská cihla [kg],2013-10,106.84
P  Eidamská cihla [kg],2013-11,111.57
P  Eidamská cihla [kg],2013-12,112.61
P  Eidamská cihla [kg],2014-01,114.09
P  Eidamská cihla [kg],2014-02,113.06
P  Eidamská cihla [kg],2014-03,114.24
P  Eidamská cihla [kg],2014-04,113.6
P  Eidamská cihla [kg],2014-05,114.89
P  Eidamská cihla [kg],2014-06,108.54
P  Eidamská cihla [kg],2014-07,99.98
P  Eidamská cihla [kg],2014-08,100.51
P  Eidamská cihla [kg],2014-09,101.96
P  Eidamská cihla [kg],2014-10,95.95
P  Eidamská cihla [kg],2014-11,94.25
P  Eidamská cihla [kg],2014-12,89.15
P  Eidamská cihla [kg],2015-01,84.99
P  Eidamská cihla [kg],2015-02,82.46
P  Eidamská cihla [kg],2015-03,81.07
P  Eidamská cihla [kg],2015-04,81.08
P  Eidamská cihla [kg],2015-05,83.39
P  Eidamská cihla [kg],2015-06,81.83
P  Eidamská cihla [kg],2015-07,76.84
P  Eidamská cihla [kg],2015-08,75.48
P  Eidamská cihla [kg],2015-09,76.24
P  Eidamská cihla [kg],2015-10,75.26
P  Eidamská cihla [kg],2015-11,73.78
P  Eidamská cihla [kg],2015-12,72.79
P  Eidamská cihla [kg],2016-01,73.09
P  Eidamská cihla [kg],2016-02,70.54
P  Eidamská cihla [kg],2016-03,66.25
P  Eidamská cihla [kg],2016-04,63.31
P  Eidamská cihla [kg],2016-05,59.54
P  Eidamská cihla [kg],2016-06,58.85
P  Eidamská cihla [kg],2016-07,59.75
P  Eidamská cihla [kg],2016-08,65.46
P  Eidamská cihla [kg],2016-09,67.78
P  Eidamská cihla [kg],2016-10,78.04
P  Eidamská cihla [kg],2016-11,86.43
P  Eidamská cihla [kg],2016-12,91.32
P  Eidamská cihla [kg],2017-01,88.55
P  Eidamská cihla [kg],2017-02,86.38
P  Eidamská cihla [kg],2017-03,85.53
P  Eidamská cihla [kg],2017-04,83.17
P  Eidamská cihla [kg],2017-05,81.52
P  Eidamská cihla [kg],2017-06,84.54
P  Eidamská cihla [kg],2017-07,89.27
P  Eidamská cihla [kg],2017-08,93.66
P  Eidamská cihla [kg],2017-09,95.31
P  Eidamská cihla [kg],2017-10,93.8
P  Eidamská cihla [kg],2017-11,87.52
P  Eidamská cihla [kg],2017-12,80.52
P  Eidamská cihla [kg],2018-01,70.87
P  Eidamská cihla [kg],2018-02,69.01
P  Eidamská cihla [kg],2018-03,70.54
P  Eidamská cihla [kg],2018-04,71.3
P  Eidamská cihla [kg],2018-05,73.15
P  Eidamská cihla [kg],2018-06,73.73
P  Eidamská cihla [kg],2018-07,75.32
P  Eidamská cihla [kg],2018-08,76.9
P  Eidamská cihla [kg],2018-09,79.38
P  Eidamská cihla [kg],2018-10,83.12
P  Eidamská cihla [kg],2018-11,86.49
P  Eidamská cihla [kg],2018-12,84.27
P  Eidamská cihla [kg],2019-01,81.93
P  Eidamská cihla [kg],2019-02,80.64
P  Eidamská cihla [kg],2019-03,80.73
P  Eidamská cihla [kg],2019-04,80.55
P  Eidamská cihla [kg],2019-05,78.22
P  Eidamská cihla [kg],2019-06,77.93
P  Eidamská cihla [kg],2019-07,78.13
P  Eidamská cihla [kg],2019-08,78.72
P  Eidamská cihla [kg],2019-09,80.02
P  Eidamská cihla [kg],2019-10,83.31
P  Eidamská cihla [kg],2019-11,82.85
P  Eidamská cihla [kg],2019-12,81.92
P  Eidamská cihla [kg],2020-01,82.15
P  Eidamská cihla [kg],2020-02,81.27
P  Eidamská cihla [kg],2020-03,81.01
P  Eidamská cihla [kg],2020-04,80.26
P  Eidamská cihla [kg],2020-05,76.86
P  Eidamská cihla [kg],2020-06,73.36
P  Eidamská cihla [kg],2020-07,75.53
P  Eidamská cihla [kg],2020-08,78.58
P  Eidamská cihla [kg],2020-09,80.56
P  Eidamská cihla [kg],2020-10,81.67
P  Eidamská cihla [kg],2020-11,83.06
P  Eidamská cihla [kg],2020-12,82.09
P  Eidamská cihla [kg],2021-01,79.75
P  Eidamská cihla [kg],2021-02,80.1
P  Eidamská cihla [kg],2021-03,79.07
P  Eidamská cihla [kg],2021-04,79.49
P  Eidamská cihla [kg],2021-05,81.47
P  Eidamská cihla [kg],2021-06,81.9
P  Eidamská cihla [kg],2021-07,83.47
P  Eidamská cihla [kg],2021-08,83.68
P  Eidamská cihla [kg],2021-09,84.13
P  Eidamská cihla [kg],2021-10,85.65
P  Eidamská cihla [kg],2021-11,90.25
P  Eidamská cihla [kg],2021-12,95.67
P  Eidamská cihla [kg],2022-01,98.05
P  Eidamská cihla [kg],2022-02,101.35
P  Eidamská cihla [kg],2022-03,103.46
P  Eidamská cihla [kg],2022-04,108.85
P  Eidamská cihla [kg],2022-05,117.55
P  Eidamská cihla [kg],2022-06,120.27
P  Eidamská cihla [kg],2022-07,122.47
P  Eidamská cihla [kg],2022-08,123.74
P  Eidamská cihla [kg],2022-09,127.53
P  Eidamská cihla [kg],2022-10,126.97
P  Eidamská cihla [kg],2022-11,126.62
P  Eidamská cihla [kg],2022-12,126.15
P  Eidamská cihla [kg],2023-01,117.12
P  Eidamská cihla [kg],2023-02,100.15
P  Eidamská cihla [kg],2023-03,94.82
P  Eidamská cihla [kg],2023-04,91.2
P  Eidamská cihla [kg],2023-05,90.69
P  Eidamská cihla [kg],2023-06,87.74
P  Eidamská cihla [kg],2023-07,87.44
P  Eidamská cihla [kg],2023-08,84.91
P  Eidamská cihla [kg],2023-09,87.08
P  Eidamská cihla [kg],2023-10,90.47
P  Eidamská cihla [kg],2023-11,92.51
P  Eidamská cihla [kg],2023-12,95
P  Eidamská cihla [kg],2024-01,97.96
P  Eidamská cihla [kg],2024-02,100.98
P  Eidamská cihla [kg],2024-03,100.98
P  Eidamská cihla [kg],2024-04,98.23
P  Eidamská cihla [kg],2024-05,97.81
P  Eidamská cihla [kg],2024-06,97.11
P  Eidamská cihla [kg],2024-07,97.83
P  Eidamská cihla [kg],2024-08,98.52
P  Eidamská cihla [kg],2024-09,103.62
P  Eidamská cihla [kg],2024-10,117.15
P  Eidamská cihla [kg],2024-11,121.62
P  Eidamská cihla [kg],2024-12,122.37
P  Eidamská cihla [kg],2025-01,123.61
P  Eidamská cihla [kg],2025-02,119.48
P  Eidamská cihla [kg],2025-03,117.88
P  Eidamská cihla [kg],2025-04,116.91
P  Eidamská cihla [kg],2025-05,115.89
P  Eidamská cihla [kg],2025-06,115.65
P  Eidamská cihla [kg],2025-07,116.62
P  Eidamská cihla [kg],2025-08,114.13
P  Eidamská cihla [kg],2025-09,110.79
P  Eidamská cihla [kg],2025-10,105.35
S  Eidamská cihla [kg],2013-01,129.96
S  Eidamská cihla [kg],2013-02,127.09
S  Eidamská cihla [kg],2013-03,132.71
S  Eidamská cihla [kg],2013-04,132.34
S  Eidamská cihla [kg],2013-05,132.54
S  Eidamská cihla [kg],2013-06,133.01
S  Eidamská cihla [kg],2013-07,135.41
S  Eidamská cihla [kg],2013-08,148.27
S  Eidamská cihla [kg],2013-09,150.95
S  Eidamská cihla [kg],2013-10,150.51
S  Eidamská cihla [kg],2013-11,160.45
S  Eidamská cihla [kg],2013-12,164.34
S  Eidamská cihla [kg],2014-01,164.36
S  Eidamská cihla [kg],2014-02,165.41
S  Eidamská cihla [kg],2014-03,161.18
S  Eidamská cihla [kg],2014-04,162.36
S  Eidamská cihla [kg],2014-05,157.92
S  Eidamská cihla [kg],2014-06,146.07
S  Eidamská cihla [kg],2014-07,145.38
S  Eidamská cihla [kg],2014-08,142.93
S  Eidamská cihla [kg],2014-09,147.76
S  Eidamská cihla [kg],2014-10,145.45
S  Eidamská cihla [kg],2014-11,139.65
S  Eidamská cihla [kg],2014-12,131.2
S  Eidamská cihla [kg],2015-01,128.68
S  Eidamská cihla [kg],2015-02,129.25
S  Eidamská cihla [kg],2015-03,133.33
S  Eidamská cihla [kg],2015-04,127.13
S  Eidamská cihla [kg],2015-05,128.81
S  Eidamská cihla [kg],2015-06,126.58
S  Eidamská cihla [kg],2015-07,116.1
S  Eidamská cihla [kg],2015-08,113.28
S  Eidamská cihla [kg],2015-09,110.87
S  Eidamská cihla [kg],2015-10,109.92
S  Eidamská cihla [kg],2015-11,104.54
S  Eidamská cihla [kg],2015-12,107.51
S  Eidamská cihla [kg],2016-01,107.39
S  Eidamská cihla [kg],2016-02,106.78
S  Eidamská cihla [kg],2016-03,100.44
S  Eidamská cihla [kg],2016-04,104.32
S  Eidamská cihla [kg],2016-05,100.68
S  Eidamská cihla [kg],2016-06,92.42
S  Eidamská cihla [kg],2016-07,100.01
S  Eidamská cihla [kg],2016-08,107.45
S  Eidamská cihla [kg],2016-09,112.09
S  Eidamská cihla [kg],2016-10,120.4
S  Eidamská cihla [kg],2016-11,138.02
S  Eidamská cihla [kg],2016-12,139.89
S  Eidamská cihla [kg],2017-01,137.62
S  Eidamská cihla [kg],2017-02,137.26
S  Eidamská cihla [kg],2017-03,138.9
S  Eidamská cihla [kg],2017-04,130.88
S  Eidamská cihla [kg],2017-05,128.87
S  Eidamská cihla [kg],2017-06,133.52
S  Eidamská cihla [kg],2017-07,141.63
S  Eidamská cihla [kg],2017-08,146.93
S  Eidamská cihla [kg],2017-09,152.59
S  Eidamská cihla [kg],2017-10,156.75
S  Eidamská cihla [kg],2017-11,154.85
S  Eidamská cihla [kg],2017-12,150.53
S  Eidamská cihla [kg],2018-01,140.98
S  Eidamská cihla [kg],2018-02,142.5
S  Eidamská cihla [kg],2018-03,137.09
S  Eidamská cihla [kg],2018-04,135.04
S  Eidamská cihla [kg],2018-05,136.38
S  Eidamská cihla [kg],2018-06,139.76
S  Eidamská cihla [kg],2018-07,137.43
S  Eidamská cihla [kg],2018-08,140.91
S  Eidamská cihla [kg],2018-09,145.19
S  Eidamská cihla [kg],2018-10,156.81
S  Eidamská cihla [kg],2018-11,156.51
S  Eidamská cihla [kg],2018-12,144.73
S  Eidamská cihla [kg],2019-01,142.49
S  Eidamská cihla [kg],2019-02,139.78
S  Eidamská cihla [kg],2019-03,142.38
S  Eidamská cihla [kg],2019-04,139.72
S  Eidamská cihla [kg],2019-05,144.81
S  Eidamská cihla [kg],2019-06,142.97
S  Eidamská cihla [kg],2019-07,140.82
S  Eidamská cihla [kg],2019-08,142.08
S  Eidamská cihla [kg],2019-09,146.78
S  Eidamská cihla [kg],2019-10,148.31
S  Eidamská cihla [kg],2019-11,149.58
S  Eidamská cihla [kg],2019-12,146.57
S  Eidamská cihla [kg],2020-01,147.44
S  Eidamská cihla [kg],2020-02,153.48
S  Eidamská cihla [kg],2020-03,155.03
S  Eidamská cihla [kg],2020-04,149.87
S  Eidamská cihla [kg],2020-05,151.5
S  Eidamská cihla [kg],2020-06,152.83
S  Eidamská cihla [kg],2020-07,143.35
S  Eidamská cihla [kg],2020-08,146.18
S  Eidamská cihla [kg],2020-09,147.2
S  Eidamská cihla [kg],2020-10,150.34
S  Eidamská cihla [kg],2020-11,150.94
S  Eidamská cihla [kg],2020-12,144.97
S  Eidamská cihla [kg],2021-01,147.93
S  Eidamská cihla [kg],2021-02,153.8
S  Eidamská cihla [kg],2021-03,151.59
S  Eidamská cihla [kg],2021-04,142.48
S  Eidamská cihla [kg],2021-05,147.8
S  Eidamská cihla [kg],2021-06,154.46
S  Eidamská cihla [kg],2021-07,152.54
S  Eidamská cihla [kg],2021-08,148.21
S  Eidamská cihla [kg],2021-09,151.48
S  Eidamská cihla [kg],2021-10,154.28
S  Eidamská cihla [kg],2021-11,149.44
S  Eidamská cihla [kg],2021-12,163.15
S  Eidamská cihla [kg],2022-01,168.85
S  Eidamská cihla [kg],2022-02,172.16
S  Eidamská cihla [kg],2022-03,185.24
S  Eidamská cihla [kg],2022-04,185.49
S  Eidamská cihla [kg],2022-05,186.83
S  Eidamská cihla [kg],2022-06,198.69
S  Eidamská cihla [kg],2022-07,198.16
S  Eidamská cihla [kg],2022-08,210.58
S  Eidamská cihla [kg],2022-09,211.82
S  Eidamská cihla [kg],2022-10,211.26
S  Eidamská cihla [kg],2022-11,219.21
S  Eidamská cihla [kg],2022-12,219.36
S  Eidamská cihla [kg],2023-01,225.26
S  Eidamská cihla [kg],2023-02,220.56
S  Eidamská cihla [kg],2023-03,218.86
S  Eidamská cihla [kg],2023-04,201.31
S  Eidamská cihla [kg],2023-05,210.13
S  Eidamská cihla [kg],2023-06,190.5
S  Eidamská cihla [kg],2023-07,193.47
S  Eidamská cihla [kg],2023-08,192.08
S  Eidamská cihla [kg],2023-09,197.62
S  Eidamská cihla [kg],2023-10,188.85
S  Eidamská cihla [kg],2023-11,191.21
S  Eidamská cihla [kg],2023-12,187.99
S  Eidamská cihla [kg],2024-01,182.78
S  Eidamská cihla [kg],2024-02,188.93
S  Eidamská cihla [kg],2024-03,178.09
S  Eidamská cihla [kg],2024-04,186.68
S  Eidamská cihla [kg],2024-05,183.63
S  Eidamská cihla [kg],2024-06,189.39
S  Eidamská cihla [kg],2024-07,186.7
S  Eidamská cihla [kg],2024-08,187.77
S  Eidamská cihla [kg],2024-09,185.58
S  Eidamská cihla [kg],2024-10,193.72
S  Eidamská cihla [kg],2024-11,195.08
S  Eidamská cihla [kg],2024-12,188.29
S  Eidamská cihla [kg],2025-01,201.51
S  Eidamská cihla [kg],2025-02,201.01
S  Eidamská cihla [kg],2025-03,199.21
S  Eidamská cihla [kg],2025-04,199.74
S  Eidamská cihla [kg],2025-05,211.7
S  Eidamská cihla [kg],2025-06,199.3
S  Eidamská cihla [kg],2025-07,203.46
S  Eidamská cihla [kg],2025-08,205.74
S  Eidamská cihla [kg],2025-09,204.57
S  Eidamská cihla [kg],2025-10,200.29
Z  Vejce slepičí konzumní tříděná [ks],2013-01,2.168
Z  Vejce slepičí konzumní tříděná [ks],2013-02,2.102
Z  Vejce slepičí konzumní tříděná [ks],2013-03,2.025
Z  Vejce slepičí konzumní tříděná [ks],2013-04,1.854
Z  Vejce slepičí konzumní tříděná [ks],2013-05,1.677
Z  Vejce slepičí konzumní tříděná [ks],2013-06,1.557
Z  Vejce slepičí konzumní tříděná [ks],2013-07,1.568
Z  Vejce slepičí konzumní tříděná [ks],2013-08,1.517
Z  Vejce slepičí konzumní tříděná [ks],2013-09,1.533
Z  Vejce slepičí konzumní tříděná [ks],2013-10,1.665
Z  Vejce slepičí konzumní tříděná [ks],2013-11,1.776
Z  Vejce slepičí konzumní tříděná [ks],2013-12,1.824
Z  Vejce slepičí konzumní tříděná [ks],2014-01,1.866
Z  Vejce slepičí konzumní tříděná [ks],2014-02,1.858
Z  Vejce slepičí konzumní tříděná [ks],2014-03,1.875
Z  Vejce slepičí konzumní tříděná [ks],2014-04,1.875
Z  Vejce slepičí konzumní tříděná [ks],2014-05,1.777
Z  Vejce slepičí konzumní tříděná [ks],2014-06,1.662
Z  Vejce slepičí konzumní tříděná [ks],2014-07,1.661
Z  Vejce slepičí konzumní tříděná [ks],2014-08,1.694
Z  Vejce slepičí konzumní tříděná [ks],2014-09,1.746
Z  Vejce slepičí konzumní tříděná [ks],2014-10,1.953
Z  Vejce slepičí konzumní tříděná [ks],2014-11,2.029
Z  Vejce slepičí konzumní tříděná [ks],2014-12,2.088
Z  Vejce slepičí konzumní tříděná [ks],2015-01,2.08
Z  Vejce slepičí konzumní tříděná [ks],2015-02,2.011
Z  Vejce slepičí konzumní tříděná [ks],2015-03,1.975
Z  Vejce slepičí konzumní tříděná [ks],2015-04,1.851
Z  Vejce slepičí konzumní tříděná [ks],2015-05,1.724
Z  Vejce slepičí konzumní tříděná [ks],2015-06,1.72
Z  Vejce slepičí konzumní tříděná [ks],2015-07,1.754
Z  Vejce slepičí konzumní tříděná [ks],2015-08,1.83
Z  Vejce slepičí konzumní tříděná [ks],2015-09,1.812
Z  Vejce slepičí konzumní tříděná [ks],2015-10,1.926
Z  Vejce slepičí konzumní tříděná [ks],2015-11,1.957
Z  Vejce slepičí konzumní tříděná [ks],2015-12,1.973
Z  Vejce slepičí konzumní tříděná [ks],2016-01,1.922
Z  Vejce slepičí konzumní tříděná [ks],2016-02,1.795
Z  Vejce slepičí konzumní tříděná [ks],2016-03,1.8
Z  Vejce slepičí konzumní tříděná [ks],2016-04,1.739
Z  Vejce slepičí konzumní tříděná [ks],2016-05,1.605
Z  Vejce slepičí konzumní tříděná [ks],2016-06,1.488
Z  Vejce slepičí konzumní tříděná [ks],2016-07,1.467
Z  Vejce slepičí konzumní tříděná [ks],2016-08,1.402
Z  Vejce slepičí konzumní tříděná [ks],2016-09,1.593
Z  Vejce slepičí konzumní tříděná [ks],2016-10,1.656
Z  Vejce slepičí konzumní tříděná [ks],2016-11,1.72
Z  Vejce slepičí konzumní tříděná [ks],2016-12,1.89
Z  Vejce slepičí konzumní tříděná [ks],2017-01,1.936
Z  Vejce slepičí konzumní tříděná [ks],2017-02,1.934
Z  Vejce slepičí konzumní tříděná [ks],2017-03,1.983
Z  Vejce slepičí konzumní tříděná [ks],2017-04,1.955
Z  Vejce slepičí konzumní tříděná [ks],2017-05,1.859
Z  Vejce slepičí konzumní tříděná [ks],2017-06,1.803
Z  Vejce slepičí konzumní tříděná [ks],2017-07,1.704
Z  Vejce slepičí konzumní tříděná [ks],2017-08,1.706
Z  Vejce slepičí konzumní tříděná [ks],2017-09,1.809
Z  Vejce slepičí konzumní tříděná [ks],2017-10,2.054
Z  Vejce slepičí konzumní tříděná [ks],2017-11,2.907
Z  Vejce slepičí konzumní tříděná [ks],2017-12,3.033
Z  Vejce slepičí konzumní tříděná [ks],2018-01,2.579
Z  Vejce slepičí konzumní tříděná [ks],2018-02,1.97
Z  Vejce slepičí konzumní tříděná [ks],2018-03,1.935
Z  Vejce slepičí konzumní tříděná [ks],2018-04,1.82
Z  Vejce slepičí konzumní tříděná [ks],2018-05,1.763
Z  Vejce slepičí konzumní tříděná [ks],2018-06,1.686
Z  Vejce slepičí konzumní tříděná [ks],2018-07,1.7
Z  Vejce slepičí konzumní tříděná [ks],2018-08,1.735
Z  Vejce slepičí konzumní tříděná [ks],2018-09,1.761
Z  Vejce slepičí konzumní tříděná [ks],2018-10,1.75
Z  Vejce slepičí konzumní tříděná [ks],2018-11,1.781
Z  Vejce slepičí konzumní tříděná [ks],2018-12,1.824
Z  Vejce slepičí konzumní tříděná [ks],2019-01,1.821
Z  Vejce slepičí konzumní tříděná [ks],2019-02,1.723
Z  Vejce slepičí konzumní tříděná [ks],2019-03,1.773
Z  Vejce slepičí konzumní tříděná [ks],2019-04,1.783
Z  Vejce slepičí konzumní tříděná [ks],2019-05,1.7
Z  Vejce slepičí konzumní tříděná [ks],2019-06,1.683
Z  Vejce slepičí konzumní tříděná [ks],2019-07,1.601
Z  Vejce slepičí konzumní tříděná [ks],2019-08,1.59
Z  Vejce slepičí konzumní tříděná [ks],2019-09,1.643
Z  Vejce slepičí konzumní tříděná [ks],2019-10,1.753
Z  Vejce slepičí konzumní tříděná [ks],2019-11,1.849
Z  Vejce slepičí konzumní tříděná [ks],2019-12,1.938
Z  Vejce slepičí konzumní tříděná [ks],2020-01,1.864
Z  Vejce slepičí konzumní tříděná [ks],2020-02,1.86
Z  Vejce slepičí konzumní tříděná [ks],2020-03,1.881
Z  Vejce slepičí konzumní tříděná [ks],2020-04,1.867
Z  Vejce slepičí konzumní tříděná [ks],2020-05,1.8
Z  Vejce slepičí konzumní tříděná [ks],2020-06,1.754
Z  Vejce slepičí konzumní tříděná [ks],2020-07,1.781
Z  Vejce slepičí konzumní tříděná [ks],2020-08,1.71
Z  Vejce slepičí konzumní tříděná [ks],2020-09,1.708
Z  Vejce slepičí konzumní tříděná [ks],2020-10,1.752
Z  Vejce slepičí konzumní tříděná [ks],2020-11,1.826
Z  Vejce slepičí konzumní tříděná [ks],2020-12,1.876
Z  Vejce slepičí konzumní tříděná [ks],2021-01,1.906
Z  Vejce slepičí konzumní tříděná [ks],2021-02,1.892
Z  Vejce slepičí konzumní tříděná [ks],2021-03,1.906
Z  Vejce slepičí konzumní tříděná [ks],2021-04,1.911
Z  Vejce slepičí konzumní tříděná [ks],2021-05,1.912
Z  Vejce slepičí konzumní tříděná [ks],2021-06,1.845
Z  Vejce slepičí konzumní tříděná [ks],2021-07,1.719
Z  Vejce slepičí konzumní tříděná [ks],2021-08,1.689
Z  Vejce slepičí konzumní tříděná [ks],2021-09,1.728
Z  Vejce slepičí konzumní tříděná [ks],2021-10,1.837
Z  Vejce slepičí konzumní tříděná [ks],2021-11,1.898
Z  Vejce slepičí konzumní tříděná [ks],2021-12,1.9
Z  Vejce slepičí konzumní tříděná [ks],2022-01,1.94
Z  Vejce slepičí konzumní tříděná [ks],2022-02,1.99
Z  Vejce slepičí konzumní tříděná [ks],2022-03,2.04
Z  Vejce slepičí konzumní tříděná [ks],2022-04,2.22
Z  Vejce slepičí konzumní tříděná [ks],2022-05,2.25
Z  Vejce slepičí konzumní tříděná [ks],2022-06,2.27
Z  Vejce slepičí konzumní tříděná [ks],2022-07,2.21
Z  Vejce slepičí konzumní tříděná [ks],2022-08,2.2
Z  Vejce slepičí konzumní tříděná [ks],2022-09,2.36
Z  Vejce slepičí konzumní tříděná [ks],2022-10,2.61
Z  Vejce slepičí konzumní tříděná [ks],2022-11,3.01
Z  Vejce slepičí konzumní tříděná [ks],2022-12,3.29
Z  Vejce slepičí konzumní tříděná [ks],2023-01,3.55
Z  Vejce slepičí konzumní tříděná [ks],2023-02,3.69
Z  Vejce slepičí konzumní tříděná [ks],2023-03,3.69
Z  Vejce slepičí konzumní tříděná [ks],2023-04,3.48
Z  Vejce slepičí konzumní tříděná [ks],2023-05,3.12
Z  Vejce slepičí konzumní tříděná [ks],2023-06,2.97
Z  Vejce slepičí konzumní tříděná [ks],2023-07,2.82
Z  Vejce slepičí konzumní tříděná [ks],2023-08,2.62
Z  Vejce slepičí konzumní tříděná [ks],2023-09,2.62
Z  Vejce slepičí konzumní tříděná [ks],2023-10,2.63
Z  Vejce slepičí konzumní tříděná [ks],2023-11,2.62
Z  Vejce slepičí konzumní tříděná [ks],2023-12,2.7
Z  Vejce slepičí konzumní tříděná [ks],2024-01,2.76
Z  Vejce slepičí konzumní tříděná [ks],2024-02,2.69
Z  Vejce slepičí konzumní tříděná [ks],2024-03,2.74
Z  Vejce slepičí konzumní tříděná [ks],2024-04,2.76
Z  Vejce slepičí konzumní tříděná [ks],2024-05,2.58
Z  Vejce slepičí konzumní tříděná [ks],2024-06,2.45
Z  Vejce slepičí konzumní tříděná [ks],2024-07,2.31
Z  Vejce slepičí konzumní tříděná [ks],2024-08,2.27
Z  Vejce slepičí konzumní tříděná [ks],2024-09,2.34
Z  Vejce slepičí konzumní tříděná [ks],2024-10,2.4
Z  Vejce slepičí konzumní tříděná [ks],2024-11,2.93
Z  Vejce slepičí konzumní tříděná [ks],2024-12,3.43
Z  Vejce slepičí konzumní tříděná [ks],2025-01,3.43
Z  Vejce slepičí konzumní tříděná [ks],2025-02,3.29
Z  Vejce slepičí konzumní tříděná [ks],2025-03,3.52
Z  Vejce slepičí konzumní tříděná [ks],2025-04,3.94
Z  Vejce slepičí konzumní tříděná [ks],2025-05,3.7
Z  Vejce slepičí konzumní tříděná [ks],2025-06,3.41
Z  Vejce slepičí konzumní tříděná [ks],2025-07,3.3
Z  Vejce slepičí konzumní tříděná [ks],2025-08,3.29
Z  Vejce slepičí konzumní tříděná [ks],2025-09,3.34
Z  Vejce slepičí konzumní tříděná [ks],2025-10,3.56
S  Vejce slepičí čerstvá [ks],2013-01,3.55
S  Vejce slepičí čerstvá [ks],2013-02,3.55
S  Vejce slepičí čerstvá [ks],2013-03,3.54
S  Vejce slepičí čerstvá [ks],2013-04,3.31
S  Vejce slepičí čerstvá [ks],2013-05,3.01
S  Vejce slepičí čerstvá [ks],2013-06,2.82
S  Vejce slepičí čerstvá [ks],2013-07,2.71
S  Vejce slepičí čerstvá [ks],2013-08,2.68
S  Vejce slepičí čerstvá [ks],2013-09,2.66
S  Vejce slepičí čerstvá [ks],2013-10,2.73
S  Vejce slepičí čerstvá [ks],2013-11,2.87
S  Vejce slepičí čerstvá [ks],2013-12,2.95
S  Vejce slepičí čerstvá [ks],2014-01,3.02
S  Vejce slepičí čerstvá [ks],2014-02,3
S  Vejce slepičí čerstvá [ks],2014-03,3.06
S  Vejce slepičí čerstvá [ks],2014-04,2.93
S  Vejce slepičí čerstvá [ks],2014-05,3.02
S  Vejce slepičí čerstvá [ks],2014-06,3.03
S  Vejce slepičí čerstvá [ks],2014-07,2.98
S  Vejce slepičí čerstvá [ks],2014-08,3.07
S  Vejce slepičí čerstvá [ks],2014-09,3.01
S  Vejce slepičí čerstvá [ks],2014-10,3.16
S  Vejce slepičí čerstvá [ks],2014-11,3.34
S  Vejce slepičí čerstvá [ks],2014-12,3.3
S  Vejce slepičí čerstvá [ks],2015-01,3.34
S  Vejce slepičí čerstvá [ks],2015-02,3.27
S  Vejce slepičí čerstvá [ks],2015-03,3.36
S  Vejce slepičí čerstvá [ks],2015-04,3.23
S  Vejce slepičí čerstvá [ks],2015-05,3.33
S  Vejce slepičí čerstvá [ks],2015-06,3.11
S  Vejce slepičí čerstvá [ks],2015-07,3.12
S  Vejce slepičí čerstvá [ks],2015-08,2.9
S  Vejce slepičí čerstvá [ks],2015-09,2.89
S  Vejce slepičí čerstvá [ks],2015-10,2.91
S  Vejce slepičí čerstvá [ks],2015-11,2.98
S  Vejce slepičí čerstvá [ks],2015-12,2.96
S  Vejce slepičí čerstvá [ks],2016-01,2.98
S  Vejce slepičí čerstvá [ks],2016-02,2.95
S  Vejce slepičí čerstvá [ks],2016-03,2.86
S  Vejce slepičí čerstvá [ks],2016-04,2.89
S  Vejce slepičí čerstvá [ks],2016-05,2.86
S  Vejce slepičí čerstvá [ks],2016-06,2.67
S  Vejce slepičí čerstvá [ks],2016-07,2.75
S  Vejce slepičí čerstvá [ks],2016-08,2.494
S  Vejce slepičí čerstvá [ks],2016-09,2.58
S  Vejce slepičí čerstvá [ks],2016-10,2.69
S  Vejce slepičí čerstvá [ks],2016-11,3.16
S  Vejce slepičí čerstvá [ks],2016-12,3.29
S  Vejce slepičí čerstvá [ks],2017-01,3.41
S  Vejce slepičí čerstvá [ks],2017-02,3.38
S  Vejce slepičí čerstvá [ks],2017-03,3.29
S  Vejce slepičí čerstvá [ks],2017-04,3.36
S  Vejce slepičí čerstvá [ks],2017-05,3.27
S  Vejce slepičí čerstvá [ks],2017-06,3.25
S  Vejce slepičí čerstvá [ks],2017-07,3.42
S  Vejce slepičí čerstvá [ks],2017-08,3.29
S  Vejce slepičí čerstvá [ks],2017-09,3.22
S  Vejce slepičí čerstvá [ks],2017-10,3.62
S  Vejce slepičí čerstvá [ks],2017-11,5
S  Vejce slepičí čerstvá [ks],2017-12,5
S  Vejce slepičí čerstvá [ks],2018-01,4.65
S  Vejce slepičí čerstvá [ks],2018-02,4.19
S  Vejce slepičí čerstvá [ks],2018-03,3.78
S  Vejce slepičí čerstvá [ks],2018-04,3.8
S  Vejce slepičí čerstvá [ks],2018-05,3.7
S  Vejce slepičí čerstvá [ks],2018-06,3.88
S  Vejce slepičí čerstvá [ks],2018-07,3.7
S  Vejce slepičí čerstvá [ks],2018-08,3.63
S  Vejce slepičí čerstvá [ks],2018-09,3.8
S  Vejce slepičí čerstvá [ks],2018-10,3.6
S  Vejce slepičí čerstvá [ks],2018-11,3.72
S  Vejce slepičí čerstvá [ks],2018-12,3.61
S  Vejce slepičí čerstvá [ks],2019-01,3.38
S  Vejce slepičí čerstvá [ks],2019-02,3.35
S  Vejce slepičí čerstvá [ks],2019-03,3.23
S  Vejce slepičí čerstvá [ks],2019-04,3.17
S  Vejce slepičí čerstvá [ks],2019-05,3.17
S  Vejce slepičí čerstvá [ks],2019-06,3.06
S  Vejce slepičí čerstvá [ks],2019-07,2.99
S  Vejce slepičí čerstvá [ks],2019-08,2.98
S  Vejce slepičí čerstvá [ks],2019-09,3.02
S  Vejce slepičí čerstvá [ks],2019-10,3.04
S  Vejce slepičí čerstvá [ks],2019-11,3.14
S  Vejce slepičí čerstvá [ks],2019-12,3.15
S  Vejce slepičí čerstvá [ks],2020-01,3.09
S  Vejce slepičí čerstvá [ks],2020-02,2.98
S  Vejce slepičí čerstvá [ks],2020-03,2.96
S  Vejce slepičí čerstvá [ks],2020-04,2.87
S  Vejce slepičí čerstvá [ks],2020-05,3.01
S  Vejce slepičí čerstvá [ks],2020-06,2.97
S  Vejce slepičí čerstvá [ks],2020-07,2.95
S  Vejce slepičí čerstvá [ks],2020-08,2.88
S  Vejce slepičí čerstvá [ks],2020-09,2.68
S  Vejce slepičí čerstvá [ks],2020-10,2.54
S  Vejce slepičí čerstvá [ks],2020-11,2.77
S  Vejce slepičí čerstvá [ks],2020-12,2.7
S  Vejce slepičí čerstvá [ks],2021-01,2.72
S  Vejce slepičí čerstvá [ks],2021-02,2.44
S  Vejce slepičí čerstvá [ks],2021-03,2.56
S  Vejce slepičí čerstvá [ks],2021-04,2.44
S  Vejce slepičí čerstvá [ks],2021-05,2.37
S  Vejce slepičí čerstvá [ks],2021-06,2.7
S  Vejce slepičí čerstvá [ks],2021-07,2.52
S  Vejce slepičí čerstvá [ks],2021-08,2.69
S  Vejce slepičí čerstvá [ks],2021-09,2.48
S  Vejce slepičí čerstvá [ks],2021-10,2.64
S  Vejce slepičí čerstvá [ks],2021-11,2.6
S  Vejce slepičí čerstvá [ks],2021-12,2.53
S  Vejce slepičí čerstvá [ks],2022-01,2.94
S  Vejce slepičí čerstvá [ks],2022-02,2.82
S  Vejce slepičí čerstvá [ks],2022-03,2.94
S  Vejce slepičí čerstvá [ks],2022-04,3.01
S  Vejce slepičí čerstvá [ks],2022-05,3.34
S  Vejce slepičí čerstvá [ks],2022-06,3.45
S  Vejce slepičí čerstvá [ks],2022-07,3.37
S  Vejce slepičí čerstvá [ks],2022-08,3.59
S  Vejce slepičí čerstvá [ks],2022-09,3.55
S  Vejce slepičí čerstvá [ks],2022-10,4.5
S  Vejce slepičí čerstvá [ks],2022-11,4.89
S  Vejce slepičí čerstvá [ks],2022-12,5.1
S  Vejce slepičí čerstvá [ks],2023-01,5.65
S  Vejce slepičí čerstvá [ks],2023-02,5.63
S  Vejce slepičí čerstvá [ks],2023-03,5.04
S  Vejce slepičí čerstvá [ks],2023-04,4.34
S  Vejce slepičí čerstvá [ks],2023-05,4.68
S  Vejce slepičí čerstvá [ks],2023-06,4.7
S  Vejce slepičí čerstvá [ks],2023-07,4.55
S  Vejce slepičí čerstvá [ks],2023-08,4.14
S  Vejce slepičí čerstvá [ks],2023-09,3.73
S  Vejce slepičí čerstvá [ks],2023-10,4.04
S  Vejce slepičí čerstvá [ks],2023-11,3.62
S  Vejce slepičí čerstvá [ks],2023-12,3.71
S  Vejce slepičí čerstvá [ks],2024-01,4.03
S  Vejce slepičí čerstvá [ks],2024-02,3.78
S  Vejce slepičí čerstvá [ks],2024-03,3.61
S  Vejce slepičí čerstvá [ks],2024-04,3.58
S  Vejce slepičí čerstvá [ks],2024-05,3.47
S  Vejce slepičí čerstvá [ks],2024-06,3.37
S  Vejce slepičí čerstvá [ks],2024-07,3.57
S  Vejce slepičí čerstvá [ks],2024-08,3.24
S  Vejce slepičí čerstvá [ks],2024-09,3.48
S  Vejce slepičí čerstvá [ks],2024-10,3.69
S  Vejce slepičí čerstvá [ks],2024-11,4.76
S  Vejce slepičí čerstvá [ks],2024-12,4.8
S  Vejce slepičí čerstvá [ks],2025-01,4.8
S  Vejce slepičí čerstvá [ks],2025-02,4.87
S  Vejce slepičí čerstvá [ks],2025-03,5.21
S  Vejce slepičí čerstvá [ks],2025-04,4.97
S  Vejce slepičí čerstvá [ks],2025-05,5.11
S  Vejce slepičí čerstvá [ks],2025-06,4.99
S  Vejce slepičí čerstvá [ks],2025-07,4.58
S  Vejce slepičí čerstvá [ks],2025-08,4.63
S  Vejce slepičí čerstvá [ks],2025-09,4.64
S  Vejce slepičí čerstvá [ks],2025-10,4.81
Z  Pšenice potravinářská [kg],2013-01,6.033
Z  Pšenice potravinářská [kg],2013-02,6.116
Z  Pšenice potravinářská [kg],2013-03,6.117
Z  Pšenice potravinářská [kg],2013-04,6.019
Z  Pšenice potravinářská [kg],2013-05,5.972
Z  Pšenice potravinářská [kg],2013-06,5.847
Z  Pšenice potravinářská [kg],2013-07,5.656
Z  Pšenice potravinářská [kg],2013-08,4.424
Z  Pšenice potravinářská [kg],2013-09,4.216
Z  Pšenice potravinářská [kg],2013-10,4.273
Z  Pšenice potravinářská [kg],2013-11,4.343
Z  Pšenice potravinářská [kg],2013-12,4.436
Z  Pšenice potravinářská [kg],2014-01,4.555
Z  Pšenice potravinářská [kg],2014-02,4.585
Z  Pšenice potravinářská [kg],2014-03,4.599
Z  Pšenice potravinářská [kg],2014-04,4.671
Z  Pšenice potravinářská [kg],2014-05,4.778
Z  Pšenice potravinářská [kg],2014-06,4.789
Z  Pšenice potravinářská [kg],2014-07,4.608
Z  Pšenice potravinářská [kg],2014-08,4.353
Z  Pšenice potravinářská [kg],2014-09,4.335
Z  Pšenice potravinářská [kg],2014-10,4.197
Z  Pšenice potravinářská [kg],2014-11,4.159
Z  Pšenice potravinářská [kg],2014-12,4.163
Z  Pšenice potravinářská [kg],2015-01,4.24
Z  Pšenice potravinářská [kg],2015-02,4.412
Z  Pšenice potravinářská [kg],2015-03,4.445
Z  Pšenice potravinářská [kg],2015-04,4.454
Z  Pšenice potravinářská [kg],2015-05,4.423
Z  Pšenice potravinářská [kg],2015-06,4.382
Z  Pšenice potravinářská [kg],2015-07,4.33
Z  Pšenice potravinářská [kg],2015-08,4.286
Z  Pšenice potravinářská [kg],2015-09,4.258
Z  Pšenice potravinářská [kg],2015-10,4.213
Z  Pšenice potravinářská [kg],2015-11,4.208
Z  Pšenice potravinářská [kg],2015-12,4.205
Z  Pšenice potravinářská [kg],2016-01,4.131
Z  Pšenice potravinářská [kg],2016-02,4.061
Z  Pšenice potravinářská [kg],2016-03,3.912
Z  Pšenice potravinářská [kg],2016-04,3.711
Z  Pšenice potravinářská [kg],2016-05,3.614
Z  Pšenice potravinářská [kg],2016-06,3.631
Z  Pšenice potravinářská [kg],2016-07,3.589
Z  Pšenice potravinářská [kg],2016-08,3.539
Z  Pšenice potravinářská [kg],2016-09,3.548
Z  Pšenice potravinářská [kg],2016-10,3.563
Z  Pšenice potravinářská [kg],2016-11,3.55
Z  Pšenice potravinářská [kg],2016-12,3.59
Z  Pšenice potravinářská [kg],2017-01,3.594
Z  Pšenice potravinářská [kg],2017-02,3.673
Z  Pšenice potravinářská [kg],2017-03,3.774
Z  Pšenice potravinářská [kg],2017-04,3.814
Z  Pšenice potravinářská [kg],2017-05,3.853
Z  Pšenice potravinářská [kg],2017-06,3.881
Z  Pšenice potravinářská [kg],2017-07,3.884
Z  Pšenice potravinářská [kg],2017-08,3.847
Z  Pšenice potravinářská [kg],2017-09,3.829
Z  Pšenice potravinářská [kg],2017-10,3.918
Z  Pšenice potravinářská [kg],2017-11,3.899
Z  Pšenice potravinářská [kg],2017-12,3.877
Z  Pšenice potravinářská [kg],2018-01,3.858
Z  Pšenice potravinářská [kg],2018-02,3.86
Z  Pšenice potravinářská [kg],2018-03,3.874
Z  Pšenice potravinářská [kg],2018-04,3.9
Z  Pšenice potravinářská [kg],2018-05,3.912
Z  Pšenice potravinářská [kg],2018-06,3.922
Z  Pšenice potravinářská [kg],2018-07,3.917
Z  Pšenice potravinářská [kg],2018-08,4.05
Z  Pšenice potravinářská [kg],2018-09,4.347
Z  Pšenice potravinářská [kg],2018-10,4.47
Z  Pšenice potravinářská [kg],2018-11,4.479
Z  Pšenice potravinářská [kg],2018-12,4.559
Z  Pšenice potravinářská [kg],2019-01,4.6
Z  Pšenice potravinářská [kg],2019-02,4.661
Z  Pšenice potravinářská [kg],2019-03,4.707
Z  Pšenice potravinářská [kg],2019-04,4.614
Z  Pšenice potravinářská [kg],2019-05,4.588
Z  Pšenice potravinářská [kg],2019-06,4.525
Z  Pšenice potravinářská [kg],2019-07,4.363
Z  Pšenice potravinářská [kg],2019-08,4.09
Z  Pšenice potravinářská [kg],2019-09,4.089
Z  Pšenice potravinářská [kg],2019-10,3.982
Z  Pšenice potravinářská [kg],2019-11,3.978
Z  Pšenice potravinářská [kg],2019-12,3.949
Z  Pšenice potravinářská [kg],2020-01,3.969
Z  Pšenice potravinářská [kg],2020-02,4
Z  Pšenice potravinářská [kg],2020-03,4.066
Z  Pšenice potravinářská [kg],2020-04,4.123
Z  Pšenice potravinářská [kg],2020-05,4.252
Z  Pšenice potravinářská [kg],2020-06,4.344
Z  Pšenice potravinářská [kg],2020-07,4.221
Z  Pšenice potravinářská [kg],2020-08,4.129
Z  Pšenice potravinářská [kg],2020-09,4.119
Z  Pšenice potravinářská [kg],2020-10,4.2
Z  Pšenice potravinářská [kg],2020-11,4.272
Z  Pšenice potravinářská [kg],2020-12,4.374
Z  Pšenice potravinářská [kg],2021-01,4.486
Z  Pšenice potravinářská [kg],2021-02,4.623
Z  Pšenice potravinářská [kg],2021-03,4.809
Z  Pšenice potravinářská [kg],2021-04,4.916
Z  Pšenice potravinářská [kg],2021-05,4.959
Z  Pšenice potravinářská [kg],2021-06,4.95
Z  Pšenice potravinářská [kg],2021-07,4.997
Z  Pšenice potravinářská [kg],2021-08,4.821
Z  Pšenice potravinářská [kg],2021-09,4.982
Z  Pšenice potravinářská [kg],2021-10,5.249
Z  Pšenice potravinářská [kg],2021-11,5.605
Z  Pšenice potravinářská [kg],2021-12,5.883
Z  Pšenice potravinářská [kg],2022-01,6.13
Z  Pšenice potravinářská [kg],2022-02,6.32
Z  Pšenice potravinářská [kg],2022-03,6.89
Z  Pšenice potravinářská [kg],2022-04,7.65
Z  Pšenice potravinářská [kg],2022-05,8.33
Z  Pšenice potravinářská [kg],2022-06,8.65
Z  Pšenice potravinářská [kg],2022-07,8.27
Z  Pšenice potravinářská [kg],2022-08,7.82
Z  Pšenice potravinářská [kg],2022-09,7.75
Z  Pšenice potravinářská [kg],2022-10,7.82
Z  Pšenice potravinářská [kg],2022-11,7.91
Z  Pšenice potravinářská [kg],2022-12,7.72
Z  Pšenice potravinářská [kg],2023-01,7.53
Z  Pšenice potravinářská [kg],2023-02,7.22
Z  Pšenice potravinářská [kg],2023-03,6.79
Z  Pšenice potravinářská [kg],2023-04,6.3
Z  Pšenice potravinářská [kg],2023-05,5.77
Z  Pšenice potravinářská [kg],2023-06,5.63
Z  Pšenice potravinářská [kg],2023-07,5.4
Z  Pšenice potravinářská [kg],2023-08,5.05
Z  Pšenice potravinářská [kg],2023-09,5.09
Z  Pšenice potravinářská [kg],2023-10,5.09
Z  Pšenice potravinářská [kg],2023-11,5.14
Z  Pšenice potravinářská [kg],2023-12,4.9
Z  Pšenice potravinářská [kg],2024-01,4.8
Z  Pšenice potravinářská [kg],2024-02,4.81
Z  Pšenice potravinářská [kg],2024-03,4.68
Z  Pšenice potravinářská [kg],2024-04,4.71
Z  Pšenice potravinářská [kg],2024-05,4.53
Z  Pšenice potravinářská [kg],2024-06,4.5
Z  Pšenice potravinářská [kg],2024-07,4.6
Z  Pšenice potravinářská [kg],2024-08,4.78
Z  Pšenice potravinářská [kg],2024-09,4.79
Z  Pšenice potravinářská [kg],2024-10,4.96
Z  Pšenice potravinářská [kg],2024-11,5.01
Z  Pšenice potravinářská [kg],2024-12,5.08
Z  Pšenice potravinářská [kg],2025-01,5.23
Z  Pšenice potravinářská [kg],2025-02,5.28
Z  Pšenice potravinářská [kg],2025-03,5.39
Z  Pšenice potravinářská [kg],2025-04,5.38
Z  Pšenice potravinářská [kg],2025-05,5.33
Z  Pšenice potravinářská [kg],2025-06,5.38
Z  Pšenice potravinářská [kg],2025-07,5.25
Z  Pšenice potravinářská [kg],2025-08,4.89
Z  Pšenice potravinářská [kg],2025-09,4.68
Z  Pšenice potravinářská [kg],2025-10,4.55
P  Pšeničná mouka hladká 00 extra [kg],2013-01,9.34326
P  Pšeničná mouka hladká 00 extra [kg],2013-02,9.48771
P  Pšeničná mouka hladká 00 extra [kg],2013-03,9.35757
P  Pšeničná mouka hladká 00 extra [kg],2013-04,9.5776
P  Pšeničná mouka hladká 00 extra [kg],2013-05,9.31945
P  Pšeničná mouka hladká 00 extra [kg],2013-06,9.34208
P  Pšeničná mouka hladká 00 extra [kg],2013-07,9.44983
P  Pšeničná mouka hladká 00 extra [kg],2013-08,9.34266
P  Pšeničná mouka hladká 00 extra [kg],2013-09,8.46197
P  Pšeničná mouka hladká 00 extra [kg],2013-10,8.24553
P  Pšeničná mouka hladká 00 extra [kg],2013-11,8.34089
P  Pšeničná mouka hladká 00 extra [kg],2013-12,8.12958
P  Pšeničná mouka hladká 00 extra [kg],2014-01,8.14028
P  Pšeničná mouka hladká 00 extra [kg],2014-02,8.3088
P  Pšeničná mouka hladká 00 extra [kg],2014-03,8.064
P  Pšeničná mouka hladká 00 extra [kg],2014-04,8.21733
P  Pšeničná mouka hladká 00 extra [kg],2014-05,8.34465
P  Pšeničná mouka hladká 00 extra [kg],2014-06,7.94541
P  Pšeničná mouka hladká 00 extra [kg],2014-07,8.19924
P  Pšeničná mouka hladká 00 extra [kg],2014-08,8.06446
P  Pšeničná mouka hladká 00 extra [kg],2014-09,8.28437
P  Pšeničná mouka hladká 00 extra [kg],2014-10,8.27479
P  Pšeničná mouka hladká 00 extra [kg],2014-11,7.92813
P  Pšeničná mouka hladká 00 extra [kg],2014-12,8.18179
P  Pšeničná mouka hladká 00 extra [kg],2015-01,8.34868
P  Pšeničná mouka hladká 00 extra [kg],2015-02,8.02055
P  Pšeničná mouka hladká 00 extra [kg],2015-03,8.28019
P  Pšeničná mouka hladká 00 extra [kg],2015-04,8.0032
P  Pšeničná mouka hladká 00 extra [kg],2015-05,7.98848
P  Pšeničná mouka hladká 00 extra [kg],2015-06,7.84209
P  Pšeničná mouka hladká 00 extra [kg],2015-07,7.92288
P  Pšeničná mouka hladká 00 extra [kg],2015-08,7.75612
P  Pšeničná mouka hladká 00 extra [kg],2015-09,7.96615
P  Pšeničná mouka hladká 00 extra [kg],2015-10,7.76435
P  Pšeničná mouka hladká 00 extra [kg],2015-11,7.44595
P  Pšeničná mouka hladká 00 extra [kg],2015-12,7.3032
P  Pšeničná mouka hladká 00 extra [kg],2016-01,7.52769
P  Pšeničná mouka hladká 00 extra [kg],2016-02,7.40873
P  Pšeničná mouka hladká 00 extra [kg],2016-03,7.54051
P  Pšeničná mouka hladká 00 extra [kg],2016-04,7.35386
P  Pšeničná mouka hladká 00 extra [kg],2016-05,7.43735
P  Pšeničná mouka hladká 00 extra [kg],2016-06,7.34578
P  Pšeničná mouka hladká 00 extra [kg],2016-07,7.23619
P  Pšeničná mouka hladká 00 extra [kg],2016-08,7.24617
P  Pšeničná mouka hladká 00 extra [kg],2016-09,7.12845
P  Pšeničná mouka hladká 00 extra [kg],2016-10,7.14333
P  Pšeničná mouka hladká 00 extra [kg],2016-11,7.18721
P  Pšeničná mouka hladká 00 extra [kg],2016-12,7.03661
P  Pšeničná mouka hladká 00 extra [kg],2017-01,7.04483
P  Pšeničná mouka hladká 00 extra [kg],2017-02,7.13985
P  Pšeničná mouka hladká 00 extra [kg],2017-03,6.90635
P  Pšeničná mouka hladká 00 extra [kg],2017-04,7.02251
P  Pšeničná mouka hladká 00 extra [kg],2017-05,7.02822
P  Pšeničná mouka hladká 00 extra [kg],2017-06,6.98791
P  Pšeničná mouka hladká 00 extra [kg],2017-07,7.0461
P  Pšeničná mouka hladká 00 extra [kg],2017-08,6.99048
P  Pšeničná mouka hladká 00 extra [kg],2017-09,7.05365
P  Pšeničná mouka hladká 00 extra [kg],2017-10,6.97195
P  Pšeničná mouka hladká 00 extra [kg],2017-11,7.03917
P  Pšeničná mouka hladká 00 extra [kg],2017-12,7.12022
P  Pšeničná mouka hladká 00 extra [kg],2018-01,7.09011
P  Pšeničná mouka hladká 00 extra [kg],2018-02,7.12259
P  Pšeničná mouka hladká 00 extra [kg],2018-03,7.04637
P  Pšeničná mouka hladká 00 extra [kg],2018-04,7.01735
P  Pšeničná mouka hladká 00 extra [kg],2018-05,7.07177
P  Pšeničná mouka hladká 00 extra [kg],2018-06,6.97155
P  Pšeničná mouka hladká 00 extra [kg],2018-07,6.97553
P  Pšeničná mouka hladká 00 extra [kg],2018-08,7.00099
P  Pšeničná mouka hladká 00 extra [kg],2018-09,6.98701
P  Pšeničná mouka hladká 00 extra [kg],2018-10,7.22
P  Pšeničná mouka hladká 00 extra [kg],2018-11,7.28
P  Pšeničná mouka hladká 00 extra [kg],2018-12,7.45
P  Pšeničná mouka hladká 00 extra [kg],2019-01,7.54
P  Pšeničná mouka hladká 00 extra [kg],2019-02,7.66
P  Pšeničná mouka hladká 00 extra [kg],2019-03,7.69
P  Pšeničná mouka hladká 00 extra [kg],2019-04,7.62
P  Pšeničná mouka hladká 00 extra [kg],2019-05,7.6
P  Pšeničná mouka hladká 00 extra [kg],2019-06,7.67
P  Pšeničná mouka hladká 00 extra [kg],2019-07,7.49
P  Pšeničná mouka hladká 00 extra [kg],2019-08,7.48
P  Pšeničná mouka hladká 00 extra [kg],2019-09,7.52
P  Pšeničná mouka hladká 00 extra [kg],2019-10,7.4
P  Pšeničná mouka hladká 00 extra [kg],2019-11,7.46
P  Pšeničná mouka hladká 00 extra [kg],2019-12,7.45
P  Pšeničná mouka hladká 00 extra [kg],2020-01,7.5
P  Pšeničná mouka hladká 00 extra [kg],2020-02,7.47
P  Pšeničná mouka hladká 00 extra [kg],2020-03,7.41
P  Pšeničná mouka hladká 00 extra [kg],2020-04,7.46
P  Pšeničná mouka hladká 00 extra [kg],2020-05,7.47
P  Pšeničná mouka hladká 00 extra [kg],2020-06,7.42
P  Pšeničná mouka hladká 00 extra [kg],2020-07,7.43
P  Pšeničná mouka hladká 00 extra [kg],2020-08,7.37
P  Pšeničná mouka hladká 00 extra [kg],2020-09,7.36
P  Pšeničná mouka hladká 00 extra [kg],2020-10,7.29
P  Pšeničná mouka hladká 00 extra [kg],2020-11,7.3
P  Pšeničná mouka hladká 00 extra [kg],2020-12,7.25
P  Pšeničná mouka hladká 00 extra [kg],2021-01,7.51
P  Pšeničná mouka hladká 00 extra [kg],2021-02,7.47
P  Pšeničná mouka hladká 00 extra [kg],2021-03,7.46
P  Pšeničná mouka hladká 00 extra [kg],2021-04,7.55
P  Pšeničná mouka hladká 00 extra [kg],2021-05,7.64
P  Pšeničná mouka hladká 00 extra [kg],2021-06,7.66
P  Pšeničná mouka hladká 00 extra [kg],2021-07,7.69
P  Pšeničná mouka hladká 00 extra [kg],2021-08,7.68
P  Pšeničná mouka hladká 00 extra [kg],2021-09,7.56
P  Pšeničná mouka hladká 00 extra [kg],2021-10,7.7
P  Pšeničná mouka hladká 00 extra [kg],2021-11,8.03
P  Pšeničná mouka hladká 00 extra [kg],2021-12,8.28
P  Pšeničná mouka hladká 00 extra [kg],2022-01,8.63
P  Pšeničná mouka hladká 00 extra [kg],2022-02,9.05
P  Pšeničná mouka hladká 00 extra [kg],2022-03,9.47
P  Pšeničná mouka hladká 00 extra [kg],2022-04,10.24
P  Pšeničná mouka hladká 00 extra [kg],2022-05,11.1
P  Pšeničná mouka hladká 00 extra [kg],2022-06,11.43
P  Pšeničná mouka hladká 00 extra [kg],2022-07,11.74
P  Pšeničná mouka hladká 00 extra [kg],2022-08,11.86
P  Pšeničná mouka hladká 00 extra [kg],2022-09,12.14
P  Pšeničná mouka hladká 00 extra [kg],2022-10,12.34
P  Pšeničná mouka hladká 00 extra [kg],2022-11,13.13
P  Pšeničná mouka hladká 00 extra [kg],2022-12,13.36
P  Pšeničná mouka hladká 00 extra [kg],2023-01,13.14
P  Pšeničná mouka hladká 00 extra [kg],2023-02,13.26
P  Pšeničná mouka hladká 00 extra [kg],2023-03,13.57
P  Pšeničná mouka hladká 00 extra [kg],2023-04,13.57
P  Pšeničná mouka hladká 00 extra [kg],2023-05,13.34
P  Pšeničná mouka hladká 00 extra [kg],2023-06,13.17
P  Pšeničná mouka hladká 00 extra [kg],2023-07,13.12
P  Pšeničná mouka hladká 00 extra [kg],2023-08,12.96
P  Pšeničná mouka hladká 00 extra [kg],2023-09,12.64
P  Pšeničná mouka hladká 00 extra [kg],2023-10,12.2
P  Pšeničná mouka hladká 00 extra [kg],2023-11,11.88
P  Pšeničná mouka hladká 00 extra [kg],2023-12,11.67
P  Pšeničná mouka hladká 00 extra [kg],2024-01,11.52
P  Pšeničná mouka hladká 00 extra [kg],2024-02,11.47
P  Pšeničná mouka hladká 00 extra [kg],2024-03,11.41
P  Pšeničná mouka hladká 00 extra [kg],2024-04,11.21
P  Pšeničná mouka hladká 00 extra [kg],2024-05,10.89
P  Pšeničná mouka hladká 00 extra [kg],2024-06,10.81
P  Pšeničná mouka hladká 00 extra [kg],2024-07,10.66
P  Pšeničná mouka hladká 00 extra [kg],2024-08,10.77
P  Pšeničná mouka hladká 00 extra [kg],2024-09,10.66
P  Pšeničná mouka hladká 00 extra [kg],2024-10,10.72
P  Pšeničná mouka hladká 00 extra [kg],2024-11,10.5
P  Pšeničná mouka hladká 00 extra [kg],2024-12,10.36
P  Pšeničná mouka hladká 00 extra [kg],2025-01,10.44
P  Pšeničná mouka hladká 00 extra [kg],2025-02,10.53
P  Pšeničná mouka hladká 00 extra [kg],2025-03,10.56
P  Pšeničná mouka hladká 00 extra [kg],2025-04,10.49
P  Pšeničná mouka hladká 00 extra [kg],2025-05,10.41
P  Pšeničná mouka hladká 00 extra [kg],2025-06,10.45
P  Pšeničná mouka hladká 00 extra [kg],2025-07,10.44
P  Pšeničná mouka hladká 00 extra [kg],2025-08,10.44
P  Pšeničná mouka hladká 00 extra [kg],2025-09,10.49
P  Pšeničná mouka hladká 00 extra [kg],2025-10,10.42
P  Pšeničná mouka chlebová [kg],2013-01,7.79982
P  Pšeničná mouka chlebová [kg],2013-02,8.24306
P  Pšeničná mouka chlebová [kg],2013-03,8.26663
P  Pšeničná mouka chlebová [kg],2013-04,8.24453
P  Pšeničná mouka chlebová [kg],2013-05,8.1563
P  Pšeničná mouka chlebová [kg],2013-06,8.05336
P  Pšeničná mouka chlebová [kg],2013-07,8.05348
P  Pšeničná mouka chlebová [kg],2013-08,7.87515
P  Pšeničná mouka chlebová [kg],2013-09,7.62188
P  Pšeničná mouka chlebová [kg],2013-10,7.23829
P  Pšeničná mouka chlebová [kg],2013-11,7.07147
P  Pšeničná mouka chlebová [kg],2013-12,7.10673
P  Pšeničná mouka chlebová [kg],2014-01,7.09581
P  Pšeničná mouka chlebová [kg],2014-02,6.76319
P  Pšeničná mouka chlebová [kg],2014-03,6.73299
P  Pšeničná mouka chlebová [kg],2014-04,6.70632
P  Pšeničná mouka chlebová [kg],2014-05,6.77538
P  Pšeničná mouka chlebová [kg],2014-06,6.82326
P  Pšeničná mouka chlebová [kg],2014-07,6.82
P  Pšeničná mouka chlebová [kg],2014-08,6.63254
P  Pšeničná mouka chlebová [kg],2014-09,6.47465
P  Pšeničná mouka chlebová [kg],2014-10,6.38498
P  Pšeničná mouka chlebová [kg],2014-11,6.32933
P  Pšeničná mouka chlebová [kg],2014-12,6.25729
P  Pšeničná mouka chlebová [kg],2015-01,6.21058
P  Pšeničná mouka chlebová [kg],2015-02,6.33791
P  Pšeničná mouka chlebová [kg],2015-03,6.40486
P  Pšeničná mouka chlebová [kg],2015-04,6.364
P  Pšeničná mouka chlebová [kg],2015-05,6.34769
P  Pšeničná mouka chlebová [kg],2015-06,6.40859
P  Pšeničná mouka chlebová [kg],2015-07,6.32489
P  Pšeničná mouka chlebová [kg],2015-08,6.31502
P  Pšeničná mouka chlebová [kg],2015-09,6.39077
P  Pšeničná mouka chlebová [kg],2015-10,6.20849
P  Pšeničná mouka chlebová [kg],2015-11,6.08801
P  Pšeničná mouka chlebová [kg],2015-12,6.19127
P  Pšeničná mouka chlebová [kg],2016-01,6.16106
P  Pšeničná mouka chlebová [kg],2016-02,6.05931
P  Pšeničná mouka chlebová [kg],2016-03,6.02939
P  Pšeničná mouka chlebová [kg],2016-04,5.89955
P  Pšeničná mouka chlebová [kg],2016-05,5.84654
P  Pšeničná mouka chlebová [kg],2016-06,5.80758
P  Pšeničná mouka chlebová [kg],2016-07,5.87455
P  Pšeničná mouka chlebová [kg],2016-08,5.91473
P  Pšeničná mouka chlebová [kg],2016-09,5.8636
P  Pšeničná mouka chlebová [kg],2016-10,5.81051
P  Pšeničná mouka chlebová [kg],2016-11,5.71496
P  Pšeničná mouka chlebová [kg],2016-12,5.6636
P  Pšeničná mouka chlebová [kg],2017-01,5.61817
P  Pšeničná mouka chlebová [kg],2017-02,5.62025
P  Pšeničná mouka chlebová [kg],2017-03,5.65634
P  Pšeničná mouka chlebová [kg],2017-04,5.65833
P  Pšeničná mouka chlebová [kg],2017-05,5.67561
P  Pšeničná mouka chlebová [kg],2017-06,5.6405
P  Pšeničná mouka chlebová [kg],2017-07,5.64611
P  Pšeničná mouka chlebová [kg],2017-08,5.63271
P  Pšeničná mouka chlebová [kg],2017-09,5.64535
P  Pšeničná mouka chlebová [kg],2017-10,5.59869
P  Pšeničná mouka chlebová [kg],2017-11,5.6676
P  Pšeničná mouka chlebová [kg],2017-12,5.69418
P  Pšeničná mouka chlebová [kg],2018-01,5.70231
P  Pšeničná mouka chlebová [kg],2018-02,5.69851
P  Pšeničná mouka chlebová [kg],2018-03,5.70143
P  Pšeničná mouka chlebová [kg],2018-04,5.67759
P  Pšeničná mouka chlebová [kg],2018-05,5.68
P  Pšeničná mouka chlebová [kg],2018-06,5.69399
P  Pšeničná mouka chlebová [kg],2018-07,5.755
P  Pšeničná mouka chlebová [kg],2018-08,5.86143
P  Pšeničná mouka chlebová [kg],2018-09,5.95186
P  Pšeničná mouka chlebová [kg],2018-10,6.36
P  Pšeničná mouka chlebová [kg],2018-11,6.49
P  Pšeničná mouka chlebová [kg],2018-12,6.51
P  Pšeničná mouka chlebová [kg],2019-01,6.48
P  Pšeničná mouka chlebová [kg],2019-02,6.55
P  Pšeničná mouka chlebová [kg],2019-03,6.57
P  Pšeničná mouka chlebová [kg],2019-04,6.47
P  Pšeničná mouka chlebová [kg],2019-05,6.47
P  Pšeničná mouka chlebová [kg],2019-06,6.47
P  Pšeničná mouka chlebová [kg],2019-07,6.42
P  Pšeničná mouka chlebová [kg],2019-08,6.41
P  Pšeničná mouka chlebová [kg],2019-09,6.25
P  Pšeničná mouka chlebová [kg],2019-10,6.01
P  Pšeničná mouka chlebová [kg],2019-11,5.83
P  Pšeničná mouka chlebová [kg],2019-12,5.7
P  Pšeničná mouka chlebová [kg],2020-01,5.59
P  Pšeničná mouka chlebová [kg],2020-02,5.49
P  Pšeničná mouka chlebová [kg],2020-03,5.39
P  Pšeničná mouka chlebová [kg],2020-04,5.41
P  Pšeničná mouka chlebová [kg],2020-05,5.42
P  Pšeničná mouka chlebová [kg],2020-06,5.54
P  Pšeničná mouka chlebová [kg],2020-07,5.54
P  Pšeničná mouka chlebová [kg],2020-08,5.57
P  Pšeničná mouka chlebová [kg],2020-09,5.55
P  Pšeničná mouka chlebová [kg],2020-10,5.53
P  Pšeničná mouka chlebová [kg],2020-11,5.59
P  Pšeničná mouka chlebová [kg],2020-12,5.66
P  Pšeničná mouka chlebová [kg],2021-01,5.82
P  Pšeničná mouka chlebová [kg],2021-02,5.89
P  Pšeničná mouka chlebová [kg],2021-03,6.23
P  Pšeničná mouka chlebová [kg],2021-04,6.35
P  Pšeničná mouka chlebová [kg],2021-05,6.4
P  Pšeničná mouka chlebová [kg],2021-06,6.62
P  Pšeničná mouka chlebová [kg],2021-07,6.65
P  Pšeničná mouka chlebová [kg],2021-08,6.68
P  Pšeničná mouka chlebová [kg],2021-09,6.65
P  Pšeničná mouka chlebová [kg],2021-10,6.91
P  Pšeničná mouka chlebová [kg],2021-11,7.12
P  Pšeničná mouka chlebová [kg],2021-12,7.32
P  Pšeničná mouka chlebová [kg],2022-01,7.76
P  Pšeničná mouka chlebová [kg],2022-02,8.29
P  Pšeničná mouka chlebová [kg],2022-03,8.83
P  Pšeničná mouka chlebová [kg],2022-04,9.76
P  Pšeničná mouka chlebová [kg],2022-05,10.83
P  Pšeničná mouka chlebová [kg],2022-06,11.34
P  Pšeničná mouka chlebová [kg],2022-07,11.49
P  Pšeničná mouka chlebová [kg],2022-08,11.35
P  Pšeničná mouka chlebová [kg],2022-09,11.7
P  Pšeničná mouka chlebová [kg],2022-10,11.84
P  Pšeničná mouka chlebová [kg],2022-11,11.53
P  Pšeničná mouka chlebová [kg],2022-12,11.41
P  Pšeničná mouka chlebová [kg],2023-01,10.82
P  Pšeničná mouka chlebová [kg],2023-02,10.65
P  Pšeničná mouka chlebová [kg],2023-03,10.42
P  Pšeničná mouka chlebová [kg],2023-04,10.28
P  Pšeničná mouka chlebová [kg],2023-05,9.25
P  Pšeničná mouka chlebová [kg],2023-06,8.89
P  Pšeničná mouka chlebová [kg],2023-07,8.8
P  Pšeničná mouka chlebová [kg],2023-08,8.69
P  Pšeničná mouka chlebová [kg],2023-09,8.36
P  Pšeničná mouka chlebová [kg],2023-10,8.04
P  Pšeničná mouka chlebová [kg],2023-11,8.21
P  Pšeničná mouka chlebová [kg],2023-12,7.98
P  Pšeničná mouka chlebová [kg],2024-01,8.02
P  Pšeničná mouka chlebová [kg],2024-02,7.92
P  Pšeničná mouka chlebová [kg],2024-03,7.61
P  Pšeničná mouka chlebová [kg],2024-04,7.55
P  Pšeničná mouka chlebová [kg],2024-05,7.47
P  Pšeničná mouka chlebová [kg],2024-06,7.24
P  Pšeničná mouka chlebová [kg],2024-07,7.24
P  Pšeničná mouka chlebová [kg],2024-08,7.18
P  Pšeničná mouka chlebová [kg],2024-09,7.2
P  Pšeničná mouka chlebová [kg],2024-10,7.2
P  Pšeničná mouka chlebová [kg],2024-11,7.3
P  Pšeničná mouka chlebová [kg],2024-12,7.25
P  Pšeničná mouka chlebová [kg],2025-01,7.3
P  Pšeničná mouka chlebová [kg],2025-02,7.31
P  Pšeničná mouka chlebová [kg],2025-03,7.51
P  Pšeničná mouka chlebová [kg],2025-04,7.61
P  Pšeničná mouka chlebová [kg],2025-05,7.72
P  Pšeničná mouka chlebová [kg],2025-06,7.74
P  Pšeničná mouka chlebová [kg],2025-07,7.78
P  Pšeničná mouka chlebová [kg],2025-08,7.83
P  Pšeničná mouka chlebová [kg],2025-09,7.83
P  Pšeničná mouka chlebová [kg],2025-10,7.86
S  Pšeničná mouka hladká [kg],2013-01,13.33
S  Pšeničná mouka hladká [kg],2013-02,13.36
S  Pšeničná mouka hladká [kg],2013-03,13.48
S  Pšeničná mouka hladká [kg],2013-04,13.6
S  Pšeničná mouka hladká [kg],2013-05,13.68
S  Pšeničná mouka hladká [kg],2013-06,13.52
S  Pšeničná mouka hladká [kg],2013-07,13.14
S  Pšeničná mouka hladká [kg],2013-08,13.73
S  Pšeničná mouka hladká [kg],2013-09,13.52
S  Pšeničná mouka hladká [kg],2013-10,13.32
S  Pšeničná mouka hladká [kg],2013-11,13.07
S  Pšeničná mouka hladká [kg],2013-12,12.71
S  Pšeničná mouka hladká [kg],2014-01,13.37
S  Pšeničná mouka hladká [kg],2014-02,13.14
S  Pšeničná mouka hladká [kg],2014-03,13.39
S  Pšeničná mouka hladká [kg],2014-04,13.22
S  Pšeničná mouka hladká [kg],2014-05,12.8
S  Pšeničná mouka hladká [kg],2014-06,13.4
S  Pšeničná mouka hladká [kg],2014-07,13.11
S  Pšeničná mouka hladká [kg],2014-08,13.31
S  Pšeničná mouka hladká [kg],2014-09,13.42
S  Pšeničná mouka hladká [kg],2014-10,13.25
S  Pšeničná mouka hladká [kg],2014-11,13.27
S  Pšeničná mouka hladká [kg],2014-12,12.47
S  Pšeničná mouka hladká [kg],2015-01,12.75
S  Pšeničná mouka hladká [kg],2015-02,13.25
S  Pšeničná mouka hladká [kg],2015-03,13.33
S  Pšeničná mouka hladká [kg],2015-04,13.27
S  Pšeničná mouka hladká [kg],2015-05,12.88
S  Pšeničná mouka hladká [kg],2015-06,13.47
S  Pšeničná mouka hladká [kg],2015-07,12.89
S  Pšeničná mouka hladká [kg],2015-08,12.62
S  Pšeničná mouka hladká [kg],2015-09,12.13
S  Pšeničná mouka hladká [kg],2015-10,12.36
S  Pšeničná mouka hladká [kg],2015-11,11.41
S  Pšeničná mouka hladká [kg],2015-12,11.3
S  Pšeničná mouka hladká [kg],2016-01,11.36
S  Pšeničná mouka hladká [kg],2016-02,10.91
S  Pšeničná mouka hladká [kg],2016-03,11.19
S  Pšeničná mouka hladká [kg],2016-04,11.48
S  Pšeničná mouka hladká [kg],2016-05,11.22
S  Pšeničná mouka hladká [kg],2016-06,11.48
S  Pšeničná mouka hladká [kg],2016-07,11.4
S  Pšeničná mouka hladká [kg],2016-08,10.73
S  Pšeničná mouka hladká [kg],2016-09,11.39
S  Pšeničná mouka hladká [kg],2016-10,11.02
S  Pšeničná mouka hladká [kg],2016-11,10.74
S  Pšeničná mouka hladká [kg],2016-12,10.22
S  Pšeničná mouka hladká [kg],2017-01,11.43
S  Pšeničná mouka hladká [kg],2017-02,11.71
S  Pšeničná mouka hladká [kg],2017-03,11.16
S  Pšeničná mouka hladká [kg],2017-04,10.99
S  Pšeničná mouka hladká [kg],2017-05,11.39
S  Pšeničná mouka hladká [kg],2017-06,11.07
S  Pšeničná mouka hladká [kg],2017-07,11.3
S  Pšeničná mouka hladká [kg],2017-08,11.31
S  Pšeničná mouka hladká [kg],2017-09,11.68
S  Pšeničná mouka hladká [kg],2017-10,12.04
S  Pšeničná mouka hladká [kg],2017-11,11.77
S  Pšeničná mouka hladká [kg],2017-12,11.69
S  Pšeničná mouka hladká [kg],2018-01,11.88
S  Pšeničná mouka hladká [kg],2018-02,12
S  Pšeničná mouka hladká [kg],2018-03,11.87
S  Pšeničná mouka hladká [kg],2018-04,12.04
S  Pšeničná mouka hladká [kg],2018-05,11.31
S  Pšeničná mouka hladká [kg],2018-06,10.89
S  Pšeničná mouka hladká [kg],2018-07,11.59
S  Pšeničná mouka hladká [kg],2018-08,11.25
S  Pšeničná mouka hladká [kg],2018-09,11.47
S  Pšeničná mouka hladká [kg],2018-10,11.22
S  Pšeničná mouka hladká [kg],2018-11,10.85
S  Pšeničná mouka hladká [kg],2018-12,11.07
S  Pšeničná mouka hladká [kg],2019-01,11.41
S  Pšeničná mouka hladká [kg],2019-02,12.23
S  Pšeničná mouka hladká [kg],2019-03,12.37
S  Pšeničná mouka hladká [kg],2019-04,11.19
S  Pšeničná mouka hladká [kg],2019-05,11.39
S  Pšeničná mouka hladká [kg],2019-06,11.62
S  Pšeničná mouka hladká [kg],2019-07,11.44
S  Pšeničná mouka hladká [kg],2019-08,11.97
S  Pšeničná mouka hladká [kg],2019-09,12.11
S  Pšeničná mouka hladká [kg],2019-10,11.66
S  Pšeničná mouka hladká [kg],2019-11,12.25
S  Pšeničná mouka hladká [kg],2019-12,11.77
S  Pšeničná mouka hladká [kg],2020-01,11.86
S  Pšeničná mouka hladká [kg],2020-02,11.94
S  Pšeničná mouka hladká [kg],2020-03,12.35
S  Pšeničná mouka hladká [kg],2020-04,12.97
S  Pšeničná mouka hladká [kg],2020-05,12.82
S  Pšeničná mouka hladká [kg],2020-06,12.72
S  Pšeničná mouka hladká [kg],2020-07,12.21
S  Pšeničná mouka hladká [kg],2020-08,12.61
S  Pšeničná mouka hladká [kg],2020-09,12.38
S  Pšeničná mouka hladká [kg],2020-10,11.99
S  Pšeničná mouka hladká [kg],2020-11,12.05
S  Pšeničná mouka hladká [kg],2020-12,12.16
S  Pšeničná mouka hladká [kg],2021-01,12.11
S  Pšeničná mouka hladká [kg],2021-02,12.02
S  Pšeničná mouka hladká [kg],2021-03,11.96
S  Pšeničná mouka hladká [kg],2021-04,12.62
S  Pšeničná mouka hladká [kg],2021-05,12.51
S  Pšeničná mouka hladká [kg],2021-06,12.69
S  Pšeničná mouka hladká [kg],2021-07,12.7
S  Pšeničná mouka hladká [kg],2021-08,12.62
S  Pšeničná mouka hladká [kg],2021-09,12.09
S  Pšeničná mouka hladká [kg],2021-10,12.41
S  Pšeničná mouka hladká [kg],2021-11,12.95
S  Pšeničná mouka hladká [kg],2021-12,14.41
S  Pšeničná mouka hladká [kg],2022-01,15
S  Pšeničná mouka hladká [kg],2022-02,15.96
S  Pšeničná mouka hladká [kg],2022-03,16.31
S  Pšeničná mouka hladká [kg],2022-04,20.59
S  Pšeničná mouka hladká [kg],2022-05,22.2
S  Pšeničná mouka hladká [kg],2022-06,22.72
S  Pšeničná mouka hladká [kg],2022-07,22.1
S  Pšeničná mouka hladká [kg],2022-08,22.21
S  Pšeničná mouka hladká [kg],2022-09,21.21
S  Pšeničná mouka hladká [kg],2022-10,20.49
S  Pšeničná mouka hladká [kg],2022-11,20.06
S  Pšeničná mouka hladká [kg],2022-12,21.6
S  Pšeničná mouka hladká [kg],2023-01,22.16
S  Pšeničná mouka hladká [kg],2023-02,21.86
S  Pšeničná mouka hladká [kg],2023-03,22.38
S  Pšeničná mouka hladká [kg],2023-04,22.1
S  Pšeničná mouka hladká [kg],2023-05,22.14
S  Pšeničná mouka hladká [kg],2023-06,20.54
S  Pšeničná mouka hladká [kg],2023-07,19.39
S  Pšeničná mouka hladká [kg],2023-08,18.58
S  Pšeničná mouka hladká [kg],2023-09,17.58
S  Pšeničná mouka hladká [kg],2023-10,17.58
S  Pšeničná mouka hladká [kg],2023-11,16.94
S  Pšeničná mouka hladká [kg],2023-12,16.5
S  Pšeničná mouka hladká [kg],2024-01,16.04
S  Pšeničná mouka hladká [kg],2024-02,16.27
S  Pšeničná mouka hladká [kg],2024-03,15.11
S  Pšeničná mouka hladká [kg],2024-04,17.14
S  Pšeničná mouka hladká [kg],2024-05,17.23
S  Pšeničná mouka hladká [kg],2024-06,15.89
S  Pšeničná mouka hladká [kg],2024-07,16.13
S  Pšeničná mouka hladká [kg],2024-08,16.04
S  Pšeničná mouka hladká [kg],2024-09,15.52
S  Pšeničná mouka hladká [kg],2024-10,14.88
S  Pšeničná mouka hladká [kg],2024-11,14.7
S  Pšeničná mouka hladká [kg],2024-12,14.38
S  Pšeničná mouka hladká [kg],2025-01,15.28
S  Pšeničná mouka hladká [kg],2025-02,14.92
S  Pšeničná mouka hladká [kg],2025-03,14.7
S  Pšeničná mouka hladká [kg],2025-04,13.77
S  Pšeničná mouka hladká [kg],2025-05,15.01
S  Pšeničná mouka hladká [kg],2025-06,15.05
S  Pšeničná mouka hladká [kg],2025-07,14.47
S  Pšeničná mouka hladká [kg],2025-08,15.16
S  Pšeničná mouka hladká [kg],2025-09,15
S  Pšeničná mouka hladká [kg],2025-10,14.33
